Substance,Label,rp,f.e
Cs2AgF4,1,1.4683719378233921,-0.5137445550000006
Sr2VO4,1,1.749664538282809,-1.4301452599999962
Mg2TcO4,0,1.9984939328300868,3.6833658274999976
Ni2RhS4,0,2.5073337388386125,5.036746696666668
Zn2PdO4,0,1.9757263253760926,3.696393539999999
Mn2TiO4,0,1.9183625916465517,0.6140886700000046
Mn2TcO4,0,1.9246921729216946,1.7058552475000006
Mn2SiO4,0,2.0444398044980816,0.7660795150000013
Sc2MgS4,0,2.2835094376163285,3.9813556325000032
Lu2MnSe4,0,2.1913599281834673,2.869335497499998
Lu2ZnS4,0,2.091026508337463,3.2171911792857104
Mg2PtO4,0,1.9898140719927477,4.383408849999995
Sc2MgO4,0,2.0793323074022148,3.3180104362500007
Mg2SnO4,0,2.025485095386445,3.987529249999998
Mg2TiO4,0,1.98329448076492,2.5526523899999987
Tm2MgS4,0,2.0670284406599175,2.261762738749999
Mn2ScO4,0,1.973077869120822,3.2169875831250003
Yb2MgS4,0,2.0760623297137966,2.74137705625
Sc2MgSe4,0,2.343211325023122,3.918946432500002
Tm2MgSe4,0,2.126730328066711,2.189773502499998
Y2MgSe4,0,2.1069008213540115,2.5525718549999983
Yb2MgSe4,0,2.13576421712059,2.3216514337500005
Mn2NiO4,0,1.957825127659933,0.2672748600000041
Ni2SnO4,0,2.4244246232238393,3.8394245850000033
Ni2SiO4,0,2.2068925455188757,2.870016310000004
Nd2ZnS4,0,1.9817188890108763,1.753963914285717
Nd2YbS4,0,2.112304375722797,3.252855670000004
Mg2GeS4,0,2.2178762837791766,4.257243096666668
Sc2FeS4,0,2.3397002896313057,3.496273437500003
Fe2SiS4,0,2.3337969757769184,5.136893364999995
Fe2SnS4,0,2.195493161855452,5.51785596
Yb2FeS4,0,2.0091154130461284,0.7072329574999969
Gd2MnS4,0,2.0510761608214487,1.7009063275000005
Gd2ZnS4,0,2.02371631297163,2.4059676217857104
Mg2GeO4,0,1.9798990517867998,2.241333833333332
La2SrSe4,0,2.237029254055977,4.0260333025
Lu2MgS4,0,2.0853601021462445,2.975173099999997
Zn2PtO4,0,1.9789160411293296,4.32834626
Lu2MgSe4,0,2.145061989553038,3.1812012424999967
Mn2VO4,0,1.9186560267757744,0.6056818899999996
Sc2MnS4,0,2.399074725804705,3.3935732274999992
Mn2SiS4,0,2.318372170063833,4.004382925000002
Tm2MnS4,0,2.1113938639156777,0.917461383750002
Yb2MnS4,0,2.123398968408767,0.2928272812500019
Sc2MnSe4,0,2.4546799073604366,3.4878566975000016
Mn2SiSe4,0,2.39847065723981,3.423557009999996
Yb2MnSe4,0,2.179004149964498,0.4243611087499968
Rb2MoS4,0,1.8969856598795505,-0.5928716000000023
Rb2MoSe4,0,1.9629377105043315,-0.0084185199999957
Na2WO4,0,1.7616563450754639,-1.91884048
V2FeO4,0,2.1398760611582555,3.6193372099999976
Fe2SiO4,0,2.059864610211167,2.349869125000005
K2MnF4,1,1.5526061750554203,-0.2260201649999942
K2CoF4,1,1.5671465986330386,-0.3295858050000007
Rb2CoF4,1,1.5450262968675728,-0.4177141850000012
Tl2CoF4,1,1.5556691716140842,-0.1708702299999984
Nd2CoO4,1,1.781185951872329,0.26318267125
Pr2CoO4,1,1.7701239843452896,0.3632590850000028
Ba2RuO4,1,1.6805746102056962,-1.1337961399999976
K2NiF4,1,1.5865259606261408,-0.5091681800000014
Rb2MgF4,1,1.5542401431073907,-0.4727227950000028
Rb2CuF4,1,1.5503564514904868,-0.7068977550000035
K2FeF4,1,1.5590417893569513,-0.3067246699999977
Eu2VO4,1,1.7526919201025333,-1.5962641799999986
Cs2CaF4,1,1.4688729745283093,0.0125894999999971
Ba2HfS4,1,1.8431113933759646,-0.495197080000004
Eu2TiO4,1,1.73778288848046,-1.3020001500000014
Rb2MnCl4,1,1.7360142268536753,-0.1494777200000001
K2MgCl4,1,1.8013000333344842,0.1836121299999984
Ba2PbO4,1,1.6219943266455483,-1.3877732800000049
Sr2HfO4,1,1.6979664456135848,-0.6481336375000026
Cs2NpO4,1,1.558049082644534,-3.414155320000006
Rb2FeF4,1,1.5347942480856405,-0.4138845199999998
Rb2HgF4,1,1.533478028782239,-0.0309647400000017
K2MgF4,1,1.5749007699894544,-0.4662300450000032
Rb2MgCl4,1,1.7806394064524205,-0.2677291400000001
Cs2CuF4,1,1.5179765036475834,-0.5763013749999999
Sr2CrO4,1,1.7717198494687871,-1.1247123249999973
Sr2CoO4,1,1.7889572106799034,-0.8648800849999958
Ba2ZrS4,1,1.8385105494202194,-0.4588459299999989
Cs2CaBr4,1,1.7156167150612296,-0.2360434100000024
Rb2MnBr4,1,1.7959867790027912,0.9141699699999996
Ba2SnO4,1,1.6447494878635727,-1.523318800000002
Cs2CaCl4,1,1.6609791197686008,-0.4004082499999981
Cs2HgF4,1,1.4702614820835023,-0.1518700699999975
Cs2MnF4,1,1.4832915539945042,-0.4637677449999984
Eu2ZrO4,1,1.70117893968697,0.1176586000000092
Ca2GeO4,1,1.8270101170640252,-0.666877666666668
Ba2HfO4,1,1.6375014236165244,-1.4125517674999983
Tb2CdS4,0,2.1443996458148264,3.706403752499997
Yb2CdSe4,0,2.2748914488001453,2.93298774375
La2CdSe4,0,2.054031072057364,2.4162345825000022
La2CdTe4,0,2.135578034035845,2.793374741249999
Lu2CdS4,0,2.2391034919427804,4.470240549999994
Lu2CdSe4,0,2.291078253623225,4.6038219725
Nd2CdS4,0,2.0589535167012816,2.6789197950000005
Nd2CdSe4,0,2.1109282783817265,2.65133717375
Cd2SnO4,0,1.8178956976040046,1.8163388599999983
Pr2CdS4,0,2.0409661725399326,2.9188200025000004
Pr2CdSe4,0,2.092940934220377,2.902054794999997
Sm2CdS4,0,2.0959993451374666,2.6018300975000006
Tm2CdS4,0,2.2071892857479303,3.3160404387499955
Ba2IrO4,1,1.6774325414558395,-0.8215249200000017
Yb2CdS4,0,2.222916687119701,3.3983081162500017
Sm2CdSe4,0,2.1479741068179115,2.579803210000001
Tb2CdSe4,0,2.1963744074952714,3.506910634999996
Tm2CdSe4,0,2.259164047428375,3.311267862500002
Y2CdSe4,0,2.2246421920884614,3.779203455
K2ZnCl4,0,1.7918812683939944,0.130322774999998
Li2MgCl4,0,2.1980011697137676,1.6533578099999993
Li2VCl4,0,2.251009186959386,1.723694329999999
Li2ZnCl4,0,2.2109274533501972,1.7028799250000013
Rb2CrO4,0,1.8566320449611184,-1.448031775000004
Ho2CdSe4,0,2.229019368100469,3.296954842499999
Ce2EuSe4,0,2.257881600098477,3.7685942312500025
Ce2PbS4,0,2.233462063063727,4.518610092500001
K2SrCl4,0,1.8180694369032002,0.8861735500000023
Sr2IrO4,1,1.7242866363132126,-0.2473477299999977
K2NpO4,1,1.610208611687906,-3.5385379599999998
Pr2CuO4,1,1.7682195163640717,0.605921519999999
K2PuO4,1,1.6140420959353432,-3.561435269999997
Nd2CuO4,1,1.7788405199137483,0.4898627562500017
Nd2CeS4,0,1.9094597654746894,2.9099832612500016
Ce2PbSe4,0,2.279900845927938,4.122223401249999
Sm2CeS4,0,1.935190955035845,2.637058798750001
Ce2SrS4,0,2.2221512826077046,4.600759032500001
Ce2YbS4,0,2.0704423311745184,3.277603817500003
Ce2SrSe4,0,2.2687864248376455,4.372728031250002
Cs2CoCl4,0,1.733870198815191,0.2245048100000009
K2CoCl4,0,1.7897148026101324,0.3720242900000006
Li2CoCl4,0,2.214442904884268,1.7074215200000005
Na2CoCl4,0,1.91966342383802,1.1541704399999997
Tl2CoCl4,0,1.778237375591178,0.2130553899999991
Cs2CuCl4,0,1.7428197398710852,-0.2302380900000002
Cs2MgCl4,0,1.7491405042911121,-0.3758710899999986
Cs2ZnCl4,0,1.736783741186914,-0.1595053149999987
K2CuCl4,0,1.7964382063587645,-0.1151828200000011
K2EuCl4,0,1.8135694607695125,0.6283204999999974
K2PbCl4,0,1.8227193738540275,0.6656204650000017
Tl2CuF4,1,1.5605750685841602,-0.4882982700000013
Cs2UO4,1,1.5530416768917579,-3.239797240000001
K2UO4,1,1.6066601433794372,-3.350565209999999
Sr2MoO4,1,1.7137965454331783,-1.3111372099999985
Nd2NiO4,1,1.7764214529604367,0.1314144512500021
Rb2PuO4,1,1.5939513898951265,-3.739536819999998
Rb2UO4,1,1.5854216247346613,-3.544043100000003
Cs2MnCl4,1,1.6941554427122298,0.2484328900000001
Sr2MnO4,1,1.7889572106799034,-1.3532722016666696
La2NiO4,1,1.7464062064994625,-0.1647227287500001
La2CoO4,1,1.7461949580327947,-0.0029236587499994
Ba2ZrO4,1,1.6343334192061052,-1.295473389999998
Ca2MnO4,1,1.8270101170640252,-0.6326593416666704
K2ZnF4,1,1.5685624106703837,-0.5190239400000003
Cs2TmCl4,1,1.6604627401081502,-0.2843709437499981
Cs2YbCl4,1,1.660474909783897,-0.3513746349999991
La2CuO4,1,1.745244374484105,0.1370280762500009
Rb2ZnF4,1,1.5467380293420308,-0.6077385300000024
Rb2NiF4,1,1.567551183507023,-0.56117083
Rb2MnF4,1,1.5251503381359495,-0.4206319749999991
Tl2UO4,1,1.5956402418283346,-0.9002159750000018
Rb2NpO4,1,1.5895479848058423,-3.734476540000003
Sr2TiO4,1,1.7344889008747393,-1.4499136499999956
Sr2SnO4,1,1.7018560083412568,-0.7724194700000027
Sr2RuO4,1,1.726682038207422,-0.7413689499999947
Sr2RhO4,1,1.737303216617858,-0.4577036649999968
Ca2SiO4,1,1.9857382021488208,-0.4933149050000018
Cs2CdCl4,1,1.6651567882817484,-0.3025700900000014
Rb2CdCl4,1,1.7199942867396587,-0.0779500999999989
Cs2CrCl4,1,1.7061555932883194,-0.3350831100000029
Cs2PuO4,1,1.5633213810611848,-3.500448139999996
Tl2NiF4,1,1.5766806329314889,-0.3254218049999995
Sr2FeO4,1,1.7464051332657429,-1.3175370999999956
Gd2NiO4,1,1.8129352833981918,0.6139985924999962
Cs2MnI4,0,1.8454954327511144,0.0819683199999996
Cs2MoS4,0,1.8758344873441506,-0.6282958749999992
Ni2FeS4,0,2.5628162100341214,4.403849280000003
Y2YbS4,0,2.243393523446328,4.126161394999999
Fe2GeS4,0,2.1951255242108587,4.833649256666666
Zn2TiO4,0,1.9730827642931563,2.60036551
Zn2ZrO4,0,2.0344333775567924,3.743927270000004
Pr2YbS4,0,2.0915686052347433,3.3311983575000017
Rb2WS4,0,1.8866863265758884,-1.8484376900000008
Rb2WSe4,0,1.9520864674925573,-1.546175390000002
Sc2ZnS4,0,2.300337033228316,4.266059881785712
Sm2ZnS4,0,2.0041967789296073,1.7480303367857148
Tb2YbS4,0,2.2108064840105888,3.961453507499998
Tm2ZnS4,0,2.0716622764124772,2.352760628035715
Yb2ZnS4,0,2.0812050187849773,2.775455535535717
Li2ZnBr4,0,2.2744423677442827,1.969236221874997
Na2ZnBr4,0,1.9836063804987978,1.2205459818750004
Dy2CaS4,0,2.209061596038127,4.263411230000001
Mn2GeO4,0,1.9300681176884467,0.786472323333335
Pr2EuSe4,0,2.285678367265953,3.6832081849999945
Li2NiF4,0,1.9508573862244756,1.6309385099999982
Fe2GeO4,0,1.9571482922184824,2.4766945433333376
Mg2SiO4,0,2.0728233910261578,1.9788634349999972
Ba2VO4,0,1.7093145414571573,-1.5928588999999995
Cs2MoSe4,0,1.9417865379689314,-0.0814771899999975
K2WS4,0,1.9010339841328772,-1.6423924499999991
Ho2MgSe4,0,2.1094150906555345,2.2030966624999966
Ho2YbS4,0,2.248439522252857,3.918481885
Li2ZnI4,0,2.3712065504915243,2.426775114999998
Rb2MnI4,0,1.8873542168925597,0.2465807999999985
In2MgO4,0,2.0069097480671894,3.2315081312499974
In2MnO4,0,2.1126660082399757,1.872990221250003
In2MnS4,0,2.3028326325834496,2.55346154375
In2MnSe4,0,2.358437814139181,2.275636350000001
In2ZnS4,0,2.223835116770253,3.6664531880357143
K2MoS4,0,1.9108590476450722,-0.4140656300000032
K2WSe4,0,1.966434125049546,-1.3322017000000024
La2PbS4,0,2.201164354399607,3.9450563824999954
La2PbSe4,0,2.247603137263818,3.7908249725
La2SrS4,0,2.190394111826036,4.0737779325000005
Ni2GeO4,0,2.215274211143078,4.629670358333335
Mn2GeSe4,0,2.2376304687139394,3.258171945000001
Mn2GeS4,0,2.168045349680823,3.969229746666665
Fe2TiO4,0,1.9536492448411271,2.191613900000004
Fe2GeSe4,0,2.2647106432439754,4.228627464999999
In2FeS4,0,2.2547043693006166,3.0049988337499998
Lu2FeS4,0,2.107150027864332,2.6784124249999923
Zn2GeO4,0,1.9720622342007923,2.803661493333337
Li2MoO4,0,1.951687235015458,0.3524051212500012
Sr2SiO4,0,1.9640633533718201,-0.6976754649999961
Sm2ZnO4,0,1.802797698300921,1.3489824325000015
Na2MoO4,0,1.7668077478712774,-1.724703928750003
Ag2MoO4,0,1.7528793473810653,0.9394042062499964
Zn2SnO4,0,2.012202401001617,3.86755737
Cs2ZnBr4,0,1.8002986555809994,-0.0195675381249991
Cs2MnBr4,0,1.754127994861346,1.146636109999999
Cs2CuBr4,0,1.8067682082019572,-0.0715078099999999
Cs2HgCl4,0,1.660474909783897,-0.2359187899999977
Co2TcO4,0,1.9868872684078056,3.6760069725000015
Co2TiO4,0,1.9730827642931563,2.9207693249999984
Co2VO4,0,1.968947307639972,2.5160923649999987
Co2RhS4,0,2.1956345159862707,5.096545050000003
La2CdS4,0,2.002056310376919,2.2701355824999983
Ho2CdS4,0,2.177044606420024,3.4023319200000035
Rb2BaBr4,0,1.890877943263359,1.0137543449999988
K2BaCl4,0,1.916488404835576,1.4254488500000022
Rb2BaCl4,0,1.8438533884533206,1.2088021300000005
Rb2CoCl4,0,1.7675945008446665,0.3537959499999985
Rb2ZnBr4,0,1.8335718014597269,0.1319494518749984
Ba2TiO4,0,1.6905854894951042,-1.7794421199999988
Ca2GeS4,0,2.064987349056402,2.343660696666665
Cs2ZnI4,0,1.8970628383282409,0.352812235
Ba2CrO4,0,1.7354360384112373,-1.2360707649999974
Ba2GeO4,0,1.755264243651587,-1.6251235566666686
Ba2GeS4,0,1.9932414756439636,0.3738501366666664
Ba2SiO4,0,1.94487191611824,-0.378614455000001
Ba2SiS4,0,2.2188042816839912,0.5900563649999988
Ba2TiS4,0,1.9133241770014104,-0.383019940000004
Cs2BeCl4,0,2.0694602456654088,0.8687276950000005
K2BeCl4,0,2.089835061697976,0.9720253549999996
Li2BeCl4,0,2.2447964430961336,2.144201005000001
Na2BeCl4,0,2.1372466121662383,1.5523248450000011
Co2SnO4,0,2.012202401001617,3.8034493150000017
Co2SiO4,0,2.0683595575845017,3.208877550000004
Co2RuO4,0,1.9772536688283893,3.365491655
Cs2CrO4,0,1.8448685660675435,-0.8634827650000005
Cs2WS4,0,1.8648120889638689,-1.870416764999998
Cs2WSe4,0,1.9302122298805378,-1.6344978999999995
Fe2CuO4,0,2.2607535399550236,3.819552747500001
Cu2GeO4,0,2.15238789231653,3.4443247983333336
Dy2YbS4,0,2.230141935319064,4.119369745000002
Er2MgSe4,0,2.1179504302251,2.1789428225
Er2ZnS4,0,2.0623878318560225,2.7821574492857097
La2EuSe4,0,2.2266604056981425,3.4543484724999978
Eu2SiO4,0,1.9655032495999885,-0.2540888149999958
Eu2ZnO4,0,1.8120039781576927,1.0054834137499995
Pr2EuS4,0,2.2388443535912517,3.824905912500004
K2CrO4,0,1.8643478963584323,-1.6041385549999987
In2CrS4,0,2.2727187561070963,2.4146656137500013
Gd2CrS4,0,2.0388326450203196,1.3906711074999922
Mn2CoO4,0,1.9300681176884467,0.605810505000008
Na2ZnCl4,0,1.9200914661047124,0.9626974549999988
Rb2ZnCl4,0,1.7700568870656415,-0.063887004999998
Cs2CoI4,0,1.8936105411644508,0.4858121299999993
Fe2CoO4,0,2.2831070889494707,2.4672154125000034
Co2GeO4,0,1.9720622342007923,3.445280188333335
Rb2CoI4,0,1.9273348431939263,0.7454215600000005
In2CoS4,0,2.2273071810776295,2.98610938375
Ni2CoS4,0,2.453251443135455,4.653618091666669
Cs2BaCl4,0,1.7331150605424712,0.5817588800000024
Cs2BaBr4,0,1.7801396153525095,0.6090233850000004
Cd2GeO4,0,1.8574208710745808,0.9497311933333314
Ca2SnS4,0,1.9749207688649322,2.60059697
Ce2CdS4,0,2.022640084170696,2.8504599325000037
Ce2CdSe4,0,2.074614845851141,2.7873158112500027
Cs2CdI4,0,1.806615905848124,0.2235674990000014
Dy2CdS4,0,2.161172276347217,3.610968449999996
Dy2CdSe4,0,2.213147038027662,3.5685611075000017
Dy2CdTe4,0,2.2946940000061438,3.443128022499999
Er2CdS4,0,2.1919040662223637,3.513678609999994
Er2CdSe4,0,2.243878827902808,3.273750772500001
Gd2CdS4,0,2.1281695048761904,3.552010452499994
Gd2CdSe4,0,2.180144266556635,3.6066107700000014
Gd2CdTe4,0,2.2616912285351165,3.684888719999997
Lu2CaO4,0,2.1221619334242017,5.171743633750003
La2CaS4,0,2.032755816569652,2.7787361425
Ho2CaS4,0,2.2266486653708766,4.64414363
Rb2CoBr4,0,1.8308959191241125,0.3659380599999995
Tl2BeF4,0,1.7992726073649652,0.679257513333333
Rh2BeO4,0,2.221745903910963,5.8176276825
Bi2EuTe4,0,2.3743685418725535,3.4367179399999976
Bi2YbTe4,0,2.2319864428758116,3.411547970000001
Cs2CdBr4,0,1.7212137782619754,-0.2256140150000014
Cs2CoBr4,0,1.797171617094637,0.3034821299999972
K2CoBr4,0,1.8530162208895784,1.0280096699999994
Tl2CoBr4,0,1.841538793870624,0.4264120399999971
Yb2CaS4,0,2.277476455619826,4.083414606249997
Ca2SiS4,0,2.2596705677145716,2.235883515000001
Eu2CuO4,0,1.8096741467825672,0.3136117362499995
Pr2CaS4,0,2.075869237248891,3.4190270425000038
Sm2PdO4,0,1.8530649769411565,1.9648269324999976
Nd2PdO4,0,1.8227058692276914,2.175194293749998
La2PdO4,0,1.776078529839881,1.6384036537499984
Gd2CuO4,0,1.8197105477236195,1.001458377499997
Gd2PdO4,0,1.8794284674040482,2.9964557550000013
Y2CuO4,0,1.845985278489171,1.5229279199999972
Tm2CuO4,0,1.8663694299691047,1.6349389712499978
Sm2CuO4,0,1.8007150040950701,0.9854690349999976
In2CuO4,0,2.0144572799082185,3.0799509037499995
Ho2CuO4,0,1.8485698736102778,1.7121356187500003
Cr2BeO4,0,2.2992298052348112,4.822935619999999
Cs2BeF4,0,1.7830853125635826,0.777900118333335
K2BeF4,0,1.8034601285961498,0.4599350283333336
Rb2BeF4,0,1.7953895712203436,0.6177818783333322
Nd2CaS4,0,2.095799812496924,3.388819005
Yb2CaO4,0,2.1042264156146953,2.5864123524999965
NaPrTiO4,1,1.7714067879496402,-0.9538977162500012
NaSmTiO4,1,1.7814204668998768,-0.8064394987500023
NaTmTiO4,1,1.7999029651350629,-0.2895258256249988
NaYTiO4,1,1.7943925340976052,-0.5423732562499985
SrNdNiO4,1,1.76298367004907,-0.9290180906250036
EuTbCuO4,1,1.8193179853258499,0.6851487337500011
SrEuAlO4,1,1.811549373471526,-0.3870274181250082
EuSmAlO4,1,1.8112306068664503,-0.7444868037500036
EuPrAlO4,1,1.8039602596440099,-0.4264648212500006
SrGdCrO4,1,1.7677563325174281,-0.2751355700000104
SrNdCrO4,1,1.7561604027726259,-0.2857608506250031
SrGdNiO4,1,1.7740208429174125,4.410872909999998
SrLaScO4,1,1.71877839064839,0.0778520150000012
SrPrCrO4,1,1.7529901861447346,-0.4207406687499961
SrLaVO4,1,1.7357952466991322,-0.683491815625004
NaNdTiO4,1,1.7747498054570228,-1.023072628125
CaYbInSe4,0,2.091716967809301,1.9347534243750035
CaHoAlO4,1,1.8434111250730902,-0.1199629268750008
SrEuCrO4,1,1.76499282438539,-1.0653709656250037
SrSmAlO4,1,1.8096485043555182,-0.3640061737499955
CaNdCoO4,1,1.7860812392770296,-0.4740106106249939
CaPrCoO4,1,1.7824158356114665,-0.603248008749997
SrLaCoO4,1,1.748219613728969,-1.023901540624994
CaSmCoO4,1,1.793400728974135,-0.5707407112499965
SrPrAlO4,1,1.8024662744420288,-0.4674866912499951
SrEuVO4,1,1.7511695298621943,-1.498606480000003
SrTbCrO4,1,1.7703471404179056,-0.1614070281250086
SrSmCrO4,1,1.7624809675545678,-0.4580233012499946
SrTbFeO4,1,1.7609823826328577,-0.0831388481249959
SrTbVO4,1,1.7622828984765262,-0.1348327031250065
LaAgTiO4,1,1.756207470375595,-0.1640200656249959
CaDyAlO4,1,1.84122179060289,-0.0483046287499995
SrPrVO4,1,1.7434861281141998,-0.5171969737499964
SrCeAlO4,1,1.799967425273286,-0.4001949831250009
EuGdAlO4,1,1.8152724910439364,-0.3664590924999977
EuLaAlO4,1,1.7985211170453264,-0.4973257931250003
EuNdAlO4,1,1.8063885935392399,-0.4447730831250034
SrLaGaO4,1,1.7436633693400942,-0.4832230506250052
SrNdGaO4,1,1.7541030557045274,-0.0529653306249944
NaDyTiO4,1,1.7925141211996665,-0.528971033750004
KLaTiO4,1,1.7125667576251735,-1.289652473124999
SrGdCoO4,1,1.7697333963684279,-0.7318636099999978
SrNdCoO4,1,1.7583252518564552,-0.7848141406249951
SrSmCoO4,1,1.7645434610054025,-0.8737254212500005
SrDyCrO4,1,1.77297702175976,-0.0318331762499966
SrCeVO4,1,1.739910169971071,-0.5331168056249957
BaLaScO4,1,1.6785605992285082,-0.0948108249999997
BaLaMnO4,1,1.7039335634771655,-0.5846533731249934
BaLaFeO4,1,1.7039335634771655,-0.654897580624997
CaLaAlO4,1,1.817091132217526,-0.389251053124994
CaNdAlO4,1,1.8262156921700747,-0.1390941431249963
CaSmAlO4,1,1.8318459553750035,-0.2523388137499971
BaSrPbO4,1,1.6549094248463376,-0.8035412400000013
NaLaTiO4,1,1.763924772113523,-1.2390752781249963
SrPrGaO4,1,1.750881081293102,-0.1693192387500044
LaNdCuO4,1,1.7614811921152933,0.5855813362500015
SrGdVO4,1,1.7594771745925006,-0.226593685000001
NdTbCuO4,1,1.8029280315393583,0.9468991987499996
SrEuCoO4,1,1.7670146406649938,-1.0438948856250043
PrTbCuO4,1,1.7970654783019766,0.9888087206249984
CaLaFeO4,1,1.7631478410433954,-0.2388061106249992
CaLaCrO4,1,1.7723158454412231,-0.258476630625001
SrLaAlO4,1,1.797091951851629,-0.6448793131250028
SrNdAlO4,1,1.804865362958965,-0.321620483125006
GdLaCuO4,1,1.7798588033327538,0.5531150368749991
CeEuAlO4,1,1.8014311518132287,-0.3109418431250041
DySmCuO4,1,1.8193179853258499,1.070966680000005
SrLaMnO4,1,1.734079244618477,-0.5815694531249918
SmTbCuO4,1,1.814648407514575,1.0661782381250011
CaYCrO4,1,1.8063025420886731,0.2984832912499975
CaCeMnO4,1,1.894875875424097,0.2114671600000051
BaSrSnO4,1,1.6708404402105377,-1.0634615899999993
CaPrAlO4,1,1.8233962077191856,-0.2504974412499976
CaYAlO4,1,1.842810855260467,-0.0786252812499981
DyEuCuO4,1,1.8240640779951487,0.7804039956249902
DyNdCuO4,1,1.807407412094738,0.9468769106249936
DyPrCuO4,1,1.8014507234995503,1.0714502324999948
EuLaCuO4,1,1.7754745294356287,0.2431159612500018
NaLuTiO4,1,1.8048313032031071,-0.2212803131249998
SrPrScO4,1,1.7291998541674278,0.4339365468750067
SrPrNiO4,1,1.7599662122235933,-1.166611118749998
SrNdVO4,1,1.7469193245734087,-0.5682500656249978
KRbMnF4,1,1.5383603312225165,-0.259308254999997
SrGdFeO4,1,1.7581326480653483,-0.2590706099999984
SrPrFeO4,1,1.7418907654698037,-0.3388313087499952
SrLaCrO4,1,1.7458884194864972,-0.7545976606249987
CaGdAlO4,1,1.8365542429920907,-0.2573308525000009
CaEuAlO4,1,1.8340867743248306,-0.2057340581250031
CaErAlO4,1,1.845429457206551,-0.0020797418749971
KRbCuF4,1,1.5605750685841602,-0.628189824999998
SrGdAlO4,1,1.8136406818596353,-0.4177719825000032
LiMgAsO4,0,2.0029127240172193,0.8785474499999957
NaBaVO4,0,1.7689743386102805,-1.7605689750000018
NaBaAsO4,0,1.8598057273452762,-1.882663945000001
KCaAsO4,0,1.8581232831262424,-1.612759790000002
CaNaAsO4,0,1.8890823991325427,-1.6224150349999995
CdNaAsO4,0,1.899133419374474,-0.6502302850000028
KSrAsO4,0,1.8480336946150755,-2.178955110000004
GdNaGeO4,0,1.829251154420679,-0.8847140641666691
HoNaGeO4,0,1.835473736682389,-0.6744329985416648
LiInGeO4,0,1.9571482922184824,1.4473892339583294
LiScGeO4,0,1.975947807507524,1.041337611458328
LiMnAsO4,0,1.9840316274865741,0.2100404699999956
NaSrAsO4,0,1.8747220730076668,-1.9179001850000008
MnScGaS4,0,2.181849374075744,3.2761087937500037
FeMnSiO4,0,2.051906103979999,1.3442468850000076
MnNaAsO4,0,1.919432785035145,-0.6893208549999983
RbBaVO4,0,1.7315265409975777,-2.074346239999993
LiNaBeF4,0,1.8927840388747947,0.8759494683333351
CaLaGaO4,0,1.770522256343853,-0.0568935306249951
CaYGaO4,0,1.805063828665301,0.4961377912500015
CaYbInS4,0,2.0350787843643836,2.7680648975000004
KCaVO4,0,1.7666558096203455,-1.3118316399999903
CaMgSiO4,0,2.0201904054455952,0.9574832549999996
CaMnSiO4,0,2.0105788899106845,0.2937831450000026
CoMnGeO4,0,1.9500495416608712,2.156842810833336
CoMnGeS4,0,2.188026773653248,3.883173056666673
ErNaGeO4,0,1.837303955526728,-0.6623619235416633
EuNaGeO4,0,1.8270101170640252,-0.8597889897916673
FeMnGeO4,0,1.943176139716388,1.6266529133333345
NaSrVO4,0,1.789530134428584,-1.7826923650000026
NaTmGeO4,0,1.8391581823368255,-0.5567255522916703
LiYGeO4,0,1.9075818952302805,0.115676982083329
LuNaGeO4,0,1.8429403561318223,-0.4665748897916693
MgMnGeO4,0,1.9535701385014894,1.5293678733333316
MnNiGeS4,0,2.2759582499907407,3.692888265000001
MnZnGeO4,0,1.9500495416608712,1.7559482333333385
NaSmGeO4,0,1.824974086293485,-0.9504971154166632
NaTbGeO4,0,1.8313531143709618,-0.6325413922916638
NaYGeO4,0,1.834929290653411,-0.737544222916668
MgMnSiO4,0,2.057826502006401,1.366045234999998
NaYbGeO4,0,1.8410368388566332,-1.5146460704166709
LiInSiO4,0,2.059864610211167,1.4832836356249963
LiScSiO4,0,2.070572771287161,0.6817319531249986
LiTmSiO4,0,2.035404560804652,0.223520024374995
LuNaSiO4,0,1.9948120300265264,-0.3812926181249985
PrGdCuO4,0,1.79274911066689,0.8858585187499983
SmGdCuO4,0,1.8100537086285906,0.86090680625
SmPrCuO4,0,1.7839716704349433,0.7218955674999954
NdGaCuO4,0,2.055356080211653,3.322164811875
EuPrCuO4,0,1.7881491087863721,0.2323505731250001
EuNdCuO4,0,1.7938218244213817,0.3730836512499991
EuGdCuO4,0,1.814648407514575,0.5609833818749976
Rb2MnI2Cl2,1,1.813527355652416,-0.1132333799999969
Rb2MnBr2Cl2,1,1.7662988635041064,0.1305074350000019
Li2MnBr2Cl2,0,2.320929493733161,1.3046579549999997
Sr2NiO2Cl2,0,1.8025828387513636,-0.7079581374999968
Tb2CuO4,1,1.829293973880073,1.353311621250004
K2CuF4,1,1.5715949701352627,-0.6110485150000002
Cs2CdF4,1,1.468060041962683,-0.242129349999999
Sr2TcO4,1,1.7157008411729255,-0.8936244724999973
Rb2CrCl4,1,1.7450431268207987,-0.0019912399999988
Rb2CdF4,1,1.522897540420593,-0.3253223200000015
Sr2ZrO4,1,1.6965136759077044,-0.4547523300000016
Yb2ZnSe4,0,2.1400945977643495,2.428106883750001
Sm2MnO4,0,1.836353278257469,-0.3984423474999978
Mg2GeSe4,0,2.287461402812293,3.798642205
Fe2NiO4,0,2.206969001922064,2.580389472500002
In2MgS4,0,2.2110868782813036,3.542414608749999
Fe2AlO4,0,1.9558270862340932,2.017895217500005
V2AlO4,0,2.076279966548097,3.6545614174999983
Co2AlO4,0,1.9710237506836719,3.00926921
Al2BeO4,0,2.471319577277695,6.069031434999996
Ag2CrO4,0,1.9019292325316894,1.4719809999999995
Fe2ZnO4,0,2.2755263570303463,4.391014695000003
Fe2MgO4,0,2.246504383473952,3.962732415
Cs2WO4,0,1.6411472490739893,-2.489987960000001
Cs2HgBr4,0,1.7145741905170473,-0.1053272750000022
Ba2CoO4,0,1.755264243651587,-0.9235797949999984
Na2BeF4,0,1.850871679064412,0.4293772583333357
Tl2CrO4,0,1.860344419270248,0.4905329199999997
Rb2ZnI4,0,1.9303359842069683,0.4643158150000008
Y2ZnSe4,0,2.10960540887203,2.832157185000004
Cs2MoO4,0,1.6502821469876294,-2.212295528750005
Mg2SiSe4,0,2.4268542437678855,3.8269168600000008
Lu2MnS4,0,2.1357547466277356,2.556177104999996
Co2FeO4,0,1.9868872684078056,3.084211782499999
Bi2EuS4,0,2.2540532575012806,3.052473565000003
Y2ZnS4,0,2.050715829892658,2.6282341392857136
Fe2GaO4,0,1.9568445577639537,2.781425310000005
Mn2SnTe4,0,2.3062659306776307,3.5249255899999987
Mn2GeTe4,0,2.3468075937760955,2.7280896199999987
Ni2FeO4,0,2.3470946828165435,3.0267355650000027
Fe2CrO4,0,1.9556450661868467,2.58086458
In2ZnO4,0,2.0224360361415665,3.65719214125
In2CoSe4,0,2.285998811332284,2.750647015
Mg2SnS4,0,2.234053634018058,4.888918730000002
Mn2SnSe4,0,2.21058067021984,3.4386068499999976
Bi2EuSe4,0,2.3008872711759816,3.206976390000001
Mg2SnSe4,0,2.2950395798824452,4.006294729999999
Mg2SiS4,0,2.3467557565919086,4.210877585000002
Ho2ZnS4,0,2.0533717208446527,2.381972359285716
Dy2ZnS4,0,2.043741041678039,2.730883409285714
Ca2SiSe4,0,2.3397690548905485,2.563497040000005
Mg2VO4,0,1.978332517451054,2.5140852900000006
Ag2MnO4,0,1.943176139716388,1.5886957583333334
Bi2YbS4,0,2.10312777217754,3.13869525
SrSmNiO4,1,1.7689996746005912,-0.9332330212499932
SrLaCuO4,1,1.7929549194294536,-0.6657273462499944
CaSrMnO4,1,1.8064949942458812,-0.9242701916666682
LaBaNiO4,1,1.7271206074706342,-1.072636920624996
SrLaNiO4,1,1.7532066484798816,-1.1707714806249996
KDyTiO4,1,1.7323879437342538,-0.3299433087500034
NaEuTiO4,1,1.7840735041472497,-0.829604343125002
SrPrCoO4,1,1.7552063739207333,-0.9997123087500022
SrLaFeO4,1,1.734079244618477,-0.6718340606250024
SrNdMnO4,1,1.7453778151693702,-0.2029471631249997
SrYCoO4,1,1.7766161421326523,-0.5459315687499959
SrPrMnO4,1,1.7418907654698037,-0.2478468212499933
EuSrFeO4,1,1.755092953516783,3.261253304375
SmSrFeO4,1,1.7523300604292218,-0.4790707212499931
SrEuNiO4,1,1.7713904960933429,-1.0505812356250033
SrNdFeO4,1,1.7453778151693702,-0.3072376906250049
NaNdGeO4,0,1.819854794443754,-0.8500525847916656
Cs2PbI2Cl2,1,1.7449717750571467,0.15148209
