Compound,Type,Label,n,criterion,t_RP,p_Label,A1,A2,B1,B2,X1,X2,cnA1,cnA2,cnB1,cnB2,cnX,rA,rB,rX,nA,nB,nX,xA,xB,xX,iA,iB,iX,vA,vB,vX,Source,train,Substance
Sr2RuO4,RP,1,1,1.83,1.726682038,1,Sr,Sr,Ru,Ru,O,O,9,9,6,6,6,1.31,0.62,1.4,2.0,4.0,-2.0,0.1185082,0.1376494,0.304575,5.6948672,7.3605,13.618054,2.0,8.0,6.0,Handbook,True,Sr2RuO4
SrSmCrO4,RP,1,1,1.83,1.762480968,1,Sr,Sm,Cr,Cr,O,O,9,9,6,6,6,1.221,0.615,1.4,2.5,3.0,-2.0,0.1519881,0.1313053,0.304575,5.6692886,6.76651,13.618054,5.0,6.0,6.0,Handbook,True,SrSmCrO4
SrTbFeO4,RP,1,1,1.83,1.760982383,1,Sr,Tb,Fe,Fe,O,O,9,9,6,6,6,1.2025,0.645,1.4,2.5,3.0,-2.0,0.1586856,0.1392532,0.304575,5.7793336,7.9024678,13.618054,6.5,8.0,6.0,Handbook,True,SrTbFeO4
La2CuO4,RP,1,1,1.83,1.745244374,1,La,La,Cu,Cu,O,O,9,9,6,6,6,1.216,0.73,1.4,3.0,2.0,-2.0,0.163142,0.1511716,0.304575,5.5769,7.72638,13.618054,3.0,11.0,6.0,Handbook,True,La2CuO4
Tl2UO4,RP,1,1,1.83,1.595640242,1,Tl,Tl,U,U,O,O,9,9,6,6,6,1.59,0.73,1.4,1.0,6.0,-2.0,0.173447,0.13207,0.304575,6.108287,6.19405,13.618054,3.0,6.0,6.0,Handbook,True,Tl2UO4
Rb2NpO4,RP,1,1,1.83,1.589547985,1,Rb,Rb,Np,Np,O,O,9,9,6,6,6,1.63,0.72,1.4,1.0,6.0,-2.0,0.104686,0.14265,0.304575,4.177128,6.2655,13.618054,1.0,7.0,6.0,Handbook,True,Rb2NpO4
Sr2TiO4,RP,1,1,1.83,1.734488901,1,Sr,Sr,Ti,Ti,O,O,9,9,6,6,6,1.31,0.605,1.4,2.0,4.0,-2.0,0.1185082,0.1233637,0.304575,5.6948672,6.82812,13.618054,2.0,4.0,6.0,Handbook,True,Sr2TiO4
Sr2SnO4,RP,1,1,1.83,1.701856008,1,Sr,Sr,Sn,Sn,O,O,9,9,6,6,6,1.31,0.69,1.4,2.0,4.0,-2.0,0.1185082,0.178052,0.304575,5.6948672,7.343917,13.618054,2.0,4.0,6.0,Handbook,True,Sr2SnO4
Sr2RhO4,RP,1,1,1.83,1.737303217,1,Sr,Sr,Rh,Rh,O,O,9,9,6,6,6,1.31,0.6,1.4,2.0,4.0,-2.0,0.1185082,0.1408379,0.304575,5.6948672,7.4589,13.618054,2.0,9.0,6.0,Handbook,True,Sr2RhO4
Ba2IrO4,RP,1,1,1.83,1.677432541,1,Ba,Ba,Ir,Ir,O,O,9,9,6,6,6,1.47,0.625,1.4,2.0,4.0,-2.0,0.1586786,0.25106,0.304575,5.211664,8.96702,13.618054,2.0,9.0,6.0,Handbook,True,Ba2IrO4
Ca2SiO4,RP,1,1,1.83,1.985738202,0,Ca,Ca,Si,Si,O,O,9,9,6,6,6,1.18,0.4,1.4,2.0,4.0,-2.0,0.1154119,0.178503,0.304575,6.1131552,8.151683,13.618054,2.0,4.0,6.0,Handbook,True,Ca2SiO4
SrTbVO4,RP,1,1,1.83,1.762282898,1,Sr,Tb,V,V,O,O,9,9,6,6,6,1.2025,0.64,1.4,2.5,3.0,-2.0,0.1586856,0.1273344,0.304575,5.7793336,6.746187,13.618054,6.5,5.0,6.0,Handbook,True,SrTbVO4
LaAgTiO4,RP,1,1,1.83,1.75620747,1,La,Ag,Ti,Ti,O,O,9,9,6,6,6,1.248,0.605,1.4,2.0,4.0,-2.0,0.15517925,0.1233637,0.304575,6.576567,6.82812,13.618054,7.0,4.0,6.0,Handbook,True,LaAgTiO4
CaDyAlO4,RP,1,1,1.83,1.841221791,0,Ca,Dy,Al,Al,O,O,9,9,6,6,6,1.1315,0.535,1.4,2.5,3.0,-2.0,0.15937095,0.150078,0.304575,6.0261026,5.9857684,13.618054,7.0,3.0,6.0,Handbook,True,CaDyAlO4
SrPrVO4,RP,1,1,1.83,1.743486128,1,Sr,Pr,V,V,O,O,9,9,6,6,6,1.2445,0.64,1.4,2.5,3.0,-2.0,0.1452941,0.1273344,0.304575,5.5839336,6.746187,13.618054,3.5,5.0,6.0,Handbook,True,SrPrVO4
SrCeAlO4,RP,1,1,1.83,1.799967425,1,Sr,Ce,Al,Al,O,O,9,9,6,6,6,1.253,0.535,1.4,2.5,3.0,-2.0,0.1430591,0.150078,0.304575,5.6167336,5.9857684,13.618054,3.0,3.0,6.0,Handbook,True,SrCeAlO4
EuGdAlO4,RP,1,1,1.83,1.815272491,1,Eu,Gd,Al,Al,O,O,9,9,6,6,6,1.2035,0.535,1.4,2.5,3.0,-2.0,0.1921675,0.150078,0.304575,5.9100905,5.9857684,13.618054,9.5,3.0,6.0,Handbook,True,EuGdAlO4
EuLaAlO4,RP,1,1,1.83,1.798521117,1,Eu,La,Al,Al,O,O,9,9,6,6,6,1.258,0.535,1.4,2.5,3.0,-2.0,0.1765385,0.150078,0.304575,5.6236425,5.9857684,13.618054,6.0,3.0,6.0,Handbook,True,EuLaAlO4
EuNdAlO4,RP,1,1,1.83,1.806388594,1,Eu,Nd,Al,Al,O,O,9,9,6,6,6,1.2315,0.535,1.4,2.5,3.0,-2.0,0.183237,0.150078,0.304575,5.5976925,5.9857684,13.618054,7.5,3.0,6.0,Handbook,True,EuNdAlO4
SrTbCrO4,RP,1,1,1.83,1.77034714,1,Sr,Tb,Cr,Cr,O,O,9,9,6,6,6,1.2025,0.615,1.4,2.5,3.0,-2.0,0.1586856,0.1313053,0.304575,5.7793336,6.76651,13.618054,6.5,6.0,6.0,Handbook,True,SrTbCrO4
SrEuVO4,RP,1,1,1.83,1.75116953,1,Sr,Eu,V,V,O,O,9,9,6,6,6,1.305,0.58,1.4,2.0,4.0,-2.0,0.1542216,0.1273344,0.304575,5.6826261,6.746187,13.618054,5.5,5.0,6.0,Handbook,True,SrEuVO4
K2NpO4,RP,1,1,1.83,1.610208612,1,K,K,Np,Np,O,O,9,9,6,6,6,1.55,0.72,1.4,1.0,6.0,-2.0,0.0981896,0.14265,0.304575,4.34066354,6.2655,13.618054,1.0,7.0,6.0,Handbook,True,K2NpO4
Pr2CuO4,RP,1,1,1.83,1.768219516,1,Pr,Pr,Cu,Cu,O,O,9,9,6,6,6,1.179,0.73,1.4,3.0,2.0,-2.0,0.17208,0.1511716,0.304575,5.473,7.72638,13.618054,5.0,11.0,6.0,Handbook,True,Pr2CuO4
K2PuO4,RP,1,1,1.83,1.614042096,1,K,K,Pu,Pu,O,O,9,9,6,6,6,1.55,0.71,1.4,1.0,6.0,-2.0,0.0981896,0.16137,0.304575,4.34066354,6.0258,13.618054,1.0,8.0,6.0,Handbook,True,K2PuO4
Nd2CuO4,RP,1,1,1.83,1.77884052,1,Nd,Nd,Cu,Cu,O,O,9,9,6,6,6,1.163,0.73,1.4,3.0,2.0,-2.0,0.176539,0.1511716,0.304575,5.525,7.72638,13.618054,6.0,11.0,6.0,Handbook,True,Nd2CuO4
CaHoAlO4,RP,1,1,1.83,1.843411125,0,Ca,Ho,Al,Al,O,O,9,9,6,6,6,1.126,0.535,1.4,2.5,3.0,-2.0,0.16160345,0.150078,0.304575,6.0673276,5.9857684,13.618054,7.5,3.0,6.0,Handbook,True,CaHoAlO4
SrEuCrO4,RP,1,1,1.83,1.764992824,1,Sr,Eu,Cr,Cr,O,O,9,9,6,6,6,1.215,0.615,1.4,2.5,3.0,-2.0,0.1542216,0.1313053,0.304575,5.6826261,6.76651,13.618054,5.5,6.0,6.0,Handbook,True,SrEuCrO4
SrSmAlO4,RP,1,1,1.83,1.809648504,1,Sr,Sm,Al,Al,O,O,9,9,6,6,6,1.221,0.535,1.4,2.5,3.0,-2.0,0.1519881,0.150078,0.304575,5.6692886,5.9857684,13.618054,5.0,3.0,6.0,Handbook,True,SrSmAlO4
CaNdCoO4,RP,1,1,1.83,1.786081239,1,Ca,Nd,Co,Co,O,O,9,9,6,6,6,1.1715,0.61,1.4,2.5,3.0,-2.0,0.14597545,0.1432363,0.304575,5.8190776,7.88101,13.618054,4.0,9.0,6.0,Handbook,True,CaNdCoO4
Cs2UO4,RP,1,1,1.83,1.553041677,1,Cs,Cs,U,U,O,O,9,9,6,6,6,1.78,0.73,1.4,1.0,6.0,-2.0,0.1542125,0.13207,0.304575,3.893905548,6.19405,13.618054,1.0,6.0,6.0,Handbook,True,Cs2UO4
K2UO4,RP,1,1,1.83,1.606660143,1,K,K,U,U,O,O,9,9,6,6,6,1.55,0.73,1.4,1.0,6.0,-2.0,0.0981896,0.13207,0.304575,4.34066354,6.19405,13.618054,1.0,6.0,6.0,Handbook,True,K2UO4
Sr2MoO4,RP,1,1,1.83,1.713796545,1,Sr,Sr,Mo,Mo,O,O,9,9,6,6,6,1.31,0.65,1.4,2.0,4.0,-2.0,0.1185082,0.1312672,0.304575,5.6948672,7.09243,13.618054,2.0,6.0,6.0,Handbook,True,Sr2MoO4
Nd2NiO4,RP,1,1,1.83,1.776421453,1,Nd,Nd,Ni,Ni,O,O,9,9,6,6,6,1.163,0.69,1.4,3.0,2.0,-2.0,0.176539,0.1472068,0.304575,5.525,7.639877,13.618054,6.0,10.0,6.0,Handbook,True,Nd2NiO4
Rb2PuO4,RP,1,1,1.83,1.59395139,1,Rb,Rb,Pu,Pu,O,O,9,9,6,6,6,1.63,0.71,1.4,1.0,6.0,-2.0,0.104686,0.16137,0.304575,4.177128,6.0258,13.618054,1.0,8.0,6.0,Handbook,True,Rb2PuO4
Rb2UO4,RP,1,1,1.83,1.585421625,1,Rb,Rb,U,U,O,O,9,9,6,6,6,1.63,0.73,1.4,1.0,6.0,-2.0,0.104686,0.13207,0.304575,4.177128,6.19405,13.618054,1.0,6.0,6.0,Handbook,True,Rb2UO4
CaPrCoO4,RP,1,1,1.83,1.782415836,1,Ca,Pr,Co,Co,O,O,9,9,6,6,6,1.1795,0.61,1.4,2.5,3.0,-2.0,0.14374595,0.1432363,0.304575,5.7930776,7.88101,13.618054,3.5,9.0,6.0,Handbook,True,CaPrCoO4
SrLaCoO4,RP,1,1,1.83,1.748219614,1,Sr,La,Co,Co,O,O,9,9,6,6,6,1.263,0.61,1.4,2.5,3.0,-2.0,0.1408251,0.1432363,0.304575,5.6358836,7.88101,13.618054,2.5,9.0,6.0,Handbook,True,SrLaCoO4
CaSmCoO4,RP,1,1,1.83,1.793400729,1,Ca,Sm,Co,Co,O,O,9,9,6,6,6,1.156,0.61,1.4,2.5,3.0,-2.0,0.15043995,0.1432363,0.304575,5.8784326,7.88101,13.618054,5.0,9.0,6.0,Handbook,True,CaSmCoO4
Sr2MnO4,RP,1,1,1.83,1.788957211,1,Sr,Sr,Mn,Mn,O,O,9,9,6,6,6,1.31,0.53,1.4,2.0,4.0,-2.0,0.1185082,0.1352844,0.304575,5.6948672,7.434018,13.618054,2.0,7.0,6.0,Handbook,True,Sr2MnO4
SrPrAlO4,RP,1,1,1.83,1.802466274,1,Sr,Pr,Al,Al,O,O,9,9,6,6,6,1.2445,0.535,1.4,2.5,3.0,-2.0,0.1452941,0.150078,0.304575,5.5839336,5.9857684,13.618054,3.5,3.0,6.0,Handbook,True,SrPrAlO4
La2NiO4,RP,1,1,1.83,1.746406206,1,La,La,Ni,Ni,O,O,9,9,6,6,6,1.216,0.69,1.4,3.0,2.0,-2.0,0.163142,0.1472068,0.304575,5.5769,7.639877,13.618054,3.0,10.0,6.0,Handbook,True,La2NiO4
La2CoO4,RP,1,1,1.83,1.746194958,1,La,La,Co,Co,O,O,9,9,6,6,6,1.216,0.745,1.4,3.0,2.0,-2.0,0.163142,0.1432363,0.304575,5.5769,7.88101,13.618054,3.0,9.0,6.0,Handbook,True,La2CoO4
Ba2ZrO4,RP,1,1,1.83,1.634333419,1,Ba,Ba,Zr,Zr,O,O,9,9,6,6,6,1.47,0.72,1.4,2.0,4.0,-2.0,0.1586786,0.1248887,0.304575,5.211664,6.6339,13.618054,2.0,4.0,6.0,Handbook,True,Ba2ZrO4
Ca2MnO4,RP,1,1,1.83,1.827010117,1,Ca,Ca,Mn,Mn,O,O,9,9,6,6,6,1.18,0.53,1.4,2.0,4.0,-2.0,0.1154119,0.1352844,0.304575,6.1131552,7.434018,13.618054,2.0,7.0,6.0,Handbook,True,Ca2MnO4
Cs2PuO4,RP,1,1,1.83,1.563321381,1,Cs,Cs,Pu,Pu,O,O,9,9,6,6,6,1.78,0.71,1.4,1.0,6.0,-2.0,0.1542125,0.16137,0.304575,3.893905548,6.0258,13.618054,1.0,8.0,6.0,Handbook,True,Cs2PuO4
Sr2FeO4,RP,1,1,1.83,1.746405133,1,Sr,Sr,Fe,Fe,O,O,9,9,6,6,6,1.31,0.585,1.4,2.0,4.0,-2.0,0.1185082,0.1392532,0.304575,5.6948672,7.9024678,13.618054,2.0,8.0,6.0,Handbook,True,Sr2FeO4
GdLaCuO4,RP,1,1,1.83,1.779858803,1,Gd,La,Cu,Cu,O,O,9,9,6,6,6,1.1615,0.73,1.4,3.0,2.0,-2.0,0.178771,0.1511716,0.304575,5.863348,7.72638,13.618054,6.5,11.0,6.0,Handbook,True,GdLaCuO4
DySmCuO4,RP,1,1,1.83,1.819317985,1,Dy,Sm,Cu,Cu,O,O,9,9,6,6,6,1.1075,0.73,1.4,3.0,2.0,-2.0,0.194399,0.1511716,0.304575,5.79138,7.72638,13.618054,10.0,11.0,6.0,Handbook,True,DySmCuO4
SrLaMnO4,RP,1,1,1.83,1.734079245,1,Sr,La,Mn,Mn,O,O,9,9,6,6,6,1.263,0.645,1.4,2.5,3.0,-2.0,0.1408251,0.1352844,0.304575,5.6358836,7.434018,13.618054,2.5,7.0,6.0,Handbook,True,SrLaMnO4
SmTbCuO4,RP,1,1,1.83,1.814648408,1,Sm,Tb,Cu,Cu,O,O,9,9,6,6,6,1.1135,0.73,1.4,3.0,2.0,-2.0,0.1921655,0.1511716,0.304575,5.753755,7.72638,13.618054,9.5,11.0,6.0,Handbook,True,SmTbCuO4
CaYCrO4,RP,1,1,1.83,1.806302542,1,Ca,Y,Cr,Cr,O,O,9,9,6,6,6,1.1275,0.615,1.4,2.5,3.0,-2.0,0.11855525,0.1313053,0.304575,6.1652076,6.76651,13.618054,2.5,6.0,6.0,Handbook,True,CaYCrO4
CaCeMnO4,RP,1,1,1.83,1.894875875,0,Ca,Ce,Mn,Mn,O,O,9,9,6,6,6,1.075,0.83,1.4,3.0,2.0,-2.0,0.14151095,0.1352844,0.304575,5.8258776,7.434018,13.618054,3.0,7.0,6.0,Handbook,True,CaCeMnO4
BaSrSnO4,RP,1,1,1.83,1.67084044,1,Ba,Sr,Sn,Sn,O,O,9,9,6,6,6,1.39,0.69,1.4,2.0,4.0,-2.0,0.1385934,0.178052,0.304575,5.4532656,7.343917,13.618054,2.0,4.0,6.0,Handbook,True,BaSrSnO4
CaPrAlO4,RP,1,1,1.83,1.823396208,1,Ca,Pr,Al,Al,O,O,9,9,6,6,6,1.1795,0.535,1.4,2.5,3.0,-2.0,0.14374595,0.150078,0.304575,5.7930776,5.9857684,13.618054,3.5,3.0,6.0,Handbook,True,CaPrAlO4
CaYAlO4,RP,1,1,1.83,1.842810855,0,Ca,Y,Al,Al,O,O,9,9,6,6,6,1.1275,0.535,1.4,2.5,3.0,-2.0,0.11855525,0.150078,0.304575,6.1652076,5.9857684,13.618054,2.5,3.0,6.0,Handbook,True,CaYAlO4
DyEuCuO4,RP,1,1,1.83,1.824064078,1,Dy,Eu,Cu,Cu,O,O,9,9,6,6,6,1.1015,0.73,1.4,3.0,2.0,-2.0,0.1966325,0.1511716,0.304575,5.8047175,7.72638,13.618054,10.5,11.0,6.0,Handbook,True,DyEuCuO4
DyNdCuO4,RP,1,1,1.83,1.807407412,1,Dy,Nd,Cu,Cu,O,O,9,9,6,6,6,1.123,0.73,1.4,3.0,2.0,-2.0,0.1899345,0.1511716,0.304575,5.732025,7.72638,13.618054,9.0,11.0,6.0,Handbook,True,DyNdCuO4
DyPrCuO4,RP,1,1,1.83,1.801450723,1,Dy,Pr,Cu,Cu,O,O,9,9,6,6,6,1.131,0.73,1.4,3.0,2.0,-2.0,0.187705,0.1511716,0.304575,5.706025,7.72638,13.618054,8.5,11.0,6.0,Handbook,True,DyPrCuO4
EuLaCuO4,RP,1,1,1.83,1.775474529,1,Eu,La,Cu,Cu,O,O,9,9,6,6,6,1.168,0.73,1.4,3.0,2.0,-2.0,0.1765385,0.1511716,0.304575,5.6236425,7.72638,13.618054,6.0,11.0,6.0,Handbook,True,EuLaCuO4
NaLuTiO4,RP,1,1,1.83,1.804831303,1,Na,Lu,Ti,Ti,O,O,9,9,6,6,6,1.136,0.605,1.4,2.0,4.0,-2.0,0.159432,0.1233637,0.304575,5.28247385,6.82812,13.618054,9.0,4.0,6.0,Handbook,True,NaLuTiO4
SrPrScO4,RP,1,1,1.83,1.729199854,1,Sr,Pr,Sc,Sc,O,O,9,9,6,6,6,1.2445,0.745,1.4,2.5,3.0,-2.0,0.1452941,0.1193833,0.304575,5.5839336,6.56149,13.618054,3.5,3.0,6.0,Handbook,True,SrPrScO4
SrPrNiO4,RP,1,1,1.83,1.759966212,1,Sr,Pr,Ni,Ni,O,O,9,9,6,6,6,1.2445,0.6,1.4,2.5,3.0,-2.0,0.1452941,0.1472068,0.304575,5.5839336,7.639877,13.618054,3.5,10.0,6.0,Handbook,True,SrPrNiO4
SrNdVO4,RP,1,1,1.83,1.746919325,1,Sr,Nd,V,V,O,O,9,9,6,6,6,1.2365,0.64,1.4,2.5,3.0,-2.0,0.1475236,0.1273344,0.304575,5.6099336,6.746187,13.618054,4.0,5.0,6.0,Handbook,True,SrNdVO4
SrGdFeO4,RP,1,1,1.83,1.758132648,1,Sr,Gd,Fe,Fe,O,O,9,9,6,6,6,1.2085,0.645,1.4,2.5,3.0,-2.0,0.1564541,0.1392532,0.304575,5.9223316,7.9024678,13.618054,6.0,8.0,6.0,Handbook,True,SrGdFeO4
SrPrFeO4,RP,1,1,1.83,1.741890765,1,Sr,Pr,Fe,Fe,O,O,9,9,6,6,6,1.2445,0.645,1.4,2.5,3.0,-2.0,0.1452941,0.1392532,0.304575,5.5839336,7.9024678,13.618054,3.5,8.0,6.0,Handbook,True,SrPrFeO4
SrLaCrO4,RP,1,1,1.83,1.745888419,1,Sr,La,Cr,Cr,O,O,9,9,6,6,6,1.263,0.615,1.4,2.5,3.0,-2.0,0.1408251,0.1313053,0.304575,5.6358836,6.76651,13.618054,2.5,6.0,6.0,Handbook,True,SrLaCrO4
CaGdAlO4,RP,1,1,1.83,1.836554243,0,Ca,Gd,Al,Al,O,O,9,9,6,6,6,1.1435,0.535,1.4,2.5,3.0,-2.0,0.15490595,0.150078,0.304575,6.1314756,5.9857684,13.618054,6.0,3.0,6.0,Handbook,True,CaGdAlO4
CaEuAlO4,RP,1,1,1.83,1.834086774,0,Ca,Eu,Al,Al,O,O,9,9,6,6,6,1.15,0.535,1.4,2.5,3.0,-2.0,0.15267345,0.150078,0.304575,5.8917701,5.9857684,13.618054,5.5,3.0,6.0,Handbook,True,CaEuAlO4
CaErAlO4,RP,1,1,1.83,1.845429457,0,Ca,Er,Al,Al,O,O,9,9,6,6,6,1.121,0.535,1.4,2.5,3.0,-2.0,0.16383645,0.150078,0.304575,6.1104276,5.9857684,13.618054,8.0,3.0,6.0,Handbook,True,CaErAlO4
SrGdAlO4,RP,1,1,1.83,1.813640682,1,Sr,Gd,Al,Al,O,O,9,9,6,6,6,1.2085,0.535,1.4,2.5,3.0,-2.0,0.1564541,0.150078,0.304575,5.9223316,5.9857684,13.618054,6.0,3.0,6.0,Handbook,True,SrGdAlO4
CeEuAlO4,RP,1,1,1.83,1.801431152,1,Ce,Eu,Al,Al,O,O,9,9,6,6,6,1.248,0.535,1.4,2.5,3.0,-2.0,0.1787725,0.150078,0.304575,5.6044925,5.9857684,13.618054,6.5,3.0,6.0,Handbook,True,CeEuAlO4
Sr2VO4,RP,1,1,1.83,1.749664538,1,Sr,Sr,V,V,O,O,9,9,6,6,6,1.31,0.58,1.4,2.0,4.0,-2.0,0.1185082,0.1273344,0.304575,5.6948672,6.746187,13.618054,2.0,5.0,6.0,Handbook,True,Sr2VO4
Gd2NiO4,RP,1,1,1.83,1.812935283,1,Gd,Gd,Ni,Ni,O,O,9,9,6,6,6,1.107,0.69,1.4,3.0,2.0,-2.0,0.1944,0.1472068,0.304575,6.149796,7.639877,13.618054,10.0,10.0,6.0,Handbook,True,Gd2NiO4
SrLaAlO4,RP,1,1,1.83,1.797091952,1,Sr,La,Al,Al,O,O,9,9,6,6,6,1.263,0.535,1.4,2.5,3.0,-2.0,0.1408251,0.150078,0.304575,5.6358836,5.9857684,13.618054,2.5,3.0,6.0,Handbook,True,SrLaAlO4
SrLaGaO4,RP,1,1,1.83,1.743663369,1,Sr,La,Ga,Ga,O,O,9,9,6,6,6,1.263,0.62,1.4,2.5,3.0,-2.0,0.1408251,0.1723773,0.304575,5.6358836,5.9993018,13.618054,2.5,3.0,6.0,Handbook,True,SrLaGaO4
SrNdGaO4,RP,1,1,1.83,1.754103056,1,Sr,Nd,Ga,Ga,O,O,9,9,6,6,6,1.2365,0.62,1.4,2.5,3.0,-2.0,0.1475236,0.1723773,0.304575,5.6099336,5.9993018,13.618054,4.0,3.0,6.0,Handbook,True,SrNdGaO4
NaDyTiO4,RP,1,1,1.83,1.792514121,1,Na,Dy,Ti,Ti,O,O,9,9,6,6,6,1.1615,0.605,1.4,2.0,4.0,-2.0,0.148272,0.1233637,0.304575,5.53906335,6.82812,13.618054,6.5,4.0,6.0,Handbook,True,NaDyTiO4
KLaTiO4,RP,1,1,1.83,1.712566758,1,K,La,Ti,Ti,O,O,9,9,6,6,6,1.383,0.605,1.4,2.0,4.0,-2.0,0.1306658,0.1233637,0.304575,4.95878177,6.82812,13.618054,2.0,4.0,6.0,Handbook,True,KLaTiO4
SrGdCoO4,RP,1,1,1.83,1.769733396,1,Sr,Gd,Co,Co,O,O,9,9,6,6,6,1.2085,0.61,1.4,2.5,3.0,-2.0,0.1564541,0.1432363,0.304575,5.9223316,7.88101,13.618054,6.0,9.0,6.0,Handbook,True,SrGdCoO4
SrNdCoO4,RP,1,1,1.83,1.758325252,1,Sr,Nd,Co,Co,O,O,9,9,6,6,6,1.2365,0.61,1.4,2.5,3.0,-2.0,0.1475236,0.1432363,0.304575,5.6099336,7.88101,13.618054,4.0,9.0,6.0,Handbook,True,SrNdCoO4
SrSmCoO4,RP,1,1,1.83,1.764543461,1,Sr,Sm,Co,Co,O,O,9,9,6,6,6,1.221,0.61,1.4,2.5,3.0,-2.0,0.1519881,0.1432363,0.304575,5.6692886,7.88101,13.618054,5.0,9.0,6.0,Handbook,True,SrSmCoO4
SrDyCrO4,RP,1,1,1.83,1.772977022,1,Sr,Dy,Cr,Cr,O,O,9,9,6,6,6,1.1965,0.615,1.4,2.5,3.0,-2.0,0.1609191,0.1313053,0.304575,5.8169586,6.76651,13.618054,7.0,6.0,6.0,Handbook,True,SrDyCrO4
SrCeVO4,RP,1,1,1.83,1.73991017,1,Sr,Ce,V,V,O,O,9,9,6,6,6,1.253,0.64,1.4,2.5,3.0,-2.0,0.1430591,0.1273344,0.304575,5.6167336,6.746187,13.618054,3.0,5.0,6.0,Handbook,True,SrCeVO4
BaLaScO4,RP,1,1,1.83,1.678560599,1,Ba,La,Sc,Sc,O,O,9,9,6,6,6,1.343,0.745,1.4,2.5,3.0,-2.0,0.1609103,0.1193833,0.304575,5.394282,6.56149,13.618054,2.5,3.0,6.0,Handbook,True,BaLaScO4
BaLaMnO4,RP,1,1,1.83,1.703933563,1,Ba,La,Mn,Mn,O,O,9,9,6,6,6,1.343,0.645,1.4,2.5,3.0,-2.0,0.1609103,0.1352844,0.304575,5.394282,7.434018,13.618054,2.5,7.0,6.0,Handbook,True,BaLaMnO4
BaLaFeO4,RP,1,1,1.83,1.703933563,1,Ba,La,Fe,Fe,O,O,9,9,6,6,6,1.343,0.645,1.4,2.5,3.0,-2.0,0.1609103,0.1392532,0.304575,5.394282,7.9024678,13.618054,2.5,8.0,6.0,Handbook,True,BaLaFeO4
CaLaAlO4,RP,1,1,1.83,1.817091132,1,Ca,La,Al,Al,O,O,9,9,6,6,6,1.198,0.535,1.4,2.5,3.0,-2.0,0.13927695,0.150078,0.304575,5.8450276,5.9857684,13.618054,2.5,3.0,6.0,Handbook,True,CaLaAlO4
CaNdAlO4,RP,1,1,1.83,1.826215692,1,Ca,Nd,Al,Al,O,O,9,9,6,6,6,1.1715,0.535,1.4,2.5,3.0,-2.0,0.14597545,0.150078,0.304575,5.8190776,5.9857684,13.618054,4.0,3.0,6.0,Handbook,True,CaNdAlO4
CaSmAlO4,RP,1,1,1.83,1.831845955,0,Ca,Sm,Al,Al,O,O,9,9,6,6,6,1.156,0.535,1.4,2.5,3.0,-2.0,0.15043995,0.150078,0.304575,5.8784326,5.9857684,13.618054,5.0,3.0,6.0,Handbook,True,CaSmAlO4
BaSrPbO4,RP,1,1,1.83,1.654909425,1,Ba,Sr,Pb,Pb,O,O,9,9,6,6,6,1.39,0.775,1.4,2.0,4.0,-2.0,0.1385934,0.177911,0.304575,5.4532656,7.4166796,13.618054,2.0,4.0,6.0,Handbook,True,BaSrPbO4
NaLaTiO4,RP,1,1,1.83,1.763924772,1,Na,La,Ti,Ti,O,O,9,9,6,6,6,1.228,0.605,1.4,2.0,4.0,-2.0,0.128178,0.1233637,0.304575,5.35798835,6.82812,13.618054,2.0,4.0,6.0,Handbook,True,NaLaTiO4
SrPrGaO4,RP,1,1,1.83,1.750881081,1,Sr,Pr,Ga,Ga,O,O,9,9,6,6,6,1.2445,0.62,1.4,2.5,3.0,-2.0,0.1452941,0.1723773,0.304575,5.5839336,5.9993018,13.618054,3.5,3.0,6.0,Handbook,True,SrPrGaO4
LaNdCuO4,RP,1,1,1.83,1.761481192,1,La,Nd,Cu,Cu,O,O,9,9,6,6,6,1.1895,0.73,1.4,3.0,2.0,-2.0,0.1698405,0.1511716,0.304575,5.55095,7.72638,13.618054,4.5,11.0,6.0,Handbook,True,LaNdCuO4
SrGdVO4,RP,1,1,1.83,1.759477175,1,Sr,Gd,V,V,O,O,9,9,6,6,6,1.2085,0.64,1.4,2.5,3.0,-2.0,0.1564541,0.1273344,0.304575,5.9223316,6.746187,13.618054,6.0,5.0,6.0,Handbook,True,SrGdVO4
NdTbCuO4,RP,1,1,1.83,1.802928032,1,Nd,Tb,Cu,Cu,O,O,9,9,6,6,6,1.129,0.73,1.4,3.0,2.0,-2.0,0.187701,0.1511716,0.304575,5.6944,7.72638,13.618054,8.5,11.0,6.0,Handbook,True,NdTbCuO4
SrEuCoO4,RP,1,1,1.83,1.767014641,1,Sr,Eu,Co,Co,O,O,9,9,6,6,6,1.215,0.61,1.4,2.5,3.0,-2.0,0.1542216,0.1432363,0.304575,5.6826261,7.88101,13.618054,5.5,9.0,6.0,Handbook,True,SrEuCoO4
PrTbCuO4,RP,1,1,1.83,1.797065478,1,Pr,Tb,Cu,Cu,O,O,9,9,6,6,6,1.137,0.73,1.4,3.0,2.0,-2.0,0.1854715,0.1511716,0.304575,5.6684,7.72638,13.618054,8.0,11.0,6.0,Handbook,True,PrTbCuO4
CaLaFeO4,RP,1,1,1.83,1.763147841,1,Ca,La,Fe,Fe,O,O,9,9,6,6,6,1.198,0.645,1.4,2.5,3.0,-2.0,0.13927695,0.1392532,0.304575,5.8450276,7.9024678,13.618054,2.5,8.0,6.0,Handbook,True,CaLaFeO4
CaLaCrO4,RP,1,1,1.83,1.772315845,1,Ca,La,Cr,Cr,O,O,9,9,6,6,6,1.198,0.615,1.4,2.5,3.0,-2.0,0.13927695,0.1313053,0.304575,5.8450276,6.76651,13.618054,2.5,6.0,6.0,Handbook,True,CaLaCrO4
Sr2IrO4,RP,1,1,1.83,1.724286636,1,Sr,Sr,Ir,Ir,O,O,9,9,6,6,6,1.31,0.625,1.4,2.0,4.0,-2.0,0.1185082,0.25106,0.304575,5.6948672,8.96702,13.618054,2.0,9.0,6.0,Handbook,True,Sr2IrO4
SrNdAlO4,RP,1,1,1.83,1.804865363,1,Sr,Nd,Al,Al,O,O,9,9,6,6,6,1.2365,0.535,1.4,2.5,3.0,-2.0,0.1475236,0.150078,0.304575,5.6099336,5.9857684,13.618054,4.0,3.0,6.0,Handbook,True,SrNdAlO4
SrPrCrO4,RP,1,1,1.83,1.752990186,1,Sr,Pr,Cr,Cr,O,O,9,9,6,6,6,1.2445,0.615,1.4,2.5,3.0,-2.0,0.1452941,0.1313053,0.304575,5.5839336,6.76651,13.618054,3.5,6.0,6.0,Handbook,True,SrPrCrO4
Sr2CrO4,RP,1,1,1.83,1.771719849,1,Sr,Sr,Cr,Cr,O,O,9,9,6,6,6,1.31,0.55,1.4,2.0,4.0,-2.0,0.1185082,0.1313053,0.304575,5.6948672,6.76651,13.618054,2.0,6.0,6.0,Handbook,True,Sr2CrO4
Sr2CoO4,RP,1,1,1.83,1.788957211,1,Sr,Sr,Co,Co,O,O,9,9,6,6,6,1.31,0.53,1.4,2.0,4.0,-2.0,0.1185082,0.1432363,0.304575,5.6948672,7.88101,13.618054,2.0,9.0,6.0,Handbook,True,Sr2CoO4
Ba2ZrS4,RP,1,1,1.83,1.838510549,0,Ba,Ba,Zr,Zr,S,S,9,9,6,6,6,1.47,0.72,1.84,2.0,4.0,-2.0,0.1586786,0.1248887,0.23596,5.211664,6.6339,10.36001,2.0,4.0,6.0,Handbook,True,Ba2ZrS4
Ba2SnO4,RP,1,1,1.83,1.644749488,1,Ba,Ba,Sn,Sn,O,O,9,9,6,6,6,1.47,0.69,1.4,2.0,4.0,-2.0,0.1586786,0.178052,0.304575,5.211664,7.343917,13.618054,2.0,4.0,6.0,Handbook,True,Ba2SnO4
Ba2HfS4,RP,1,1,1.83,1.843111393,0,Ba,Ba,Hf,Hf,S,S,9,9,6,6,6,1.47,0.71,1.84,2.0,4.0,-2.0,0.1586786,0.229987,0.23596,5.211664,6.82507,10.36001,2.0,4.0,6.0,Handbook,True,Ba2HfS4
NaNdTiO4,RP,1,1,1.83,1.774749805,1,Na,Nd,Ti,Ti,O,O,9,9,6,6,6,1.2015,0.605,1.4,2.0,4.0,-2.0,0.1348765,0.1233637,0.304575,5.33203835,6.82812,13.618054,3.5,4.0,6.0,Handbook,True,NaNdTiO4
Eu2ZrO4,RP,1,1,1.83,1.70117894,1,Eu,Eu,Zr,Zr,O,O,9,9,6,6,6,1.3,0.72,1.4,2.0,4.0,-2.0,0.189935,0.1248887,0.304575,5.670385,6.6339,13.618054,9.0,4.0,6.0,Handbook,True,Eu2ZrO4
Ca2GeO4,RP,1,1,1.83,1.827010117,1,Ca,Ca,Ge,Ge,O,O,9,9,6,6,6,1.18,0.53,1.4,2.0,4.0,-2.0,0.1154119,0.1895892,0.304575,6.1131552,7.899435,13.618054,2.0,4.0,6.0,Handbook,True,Ca2GeO4
Ba2HfO4,RP,1,1,1.83,1.637501424,1,Ba,Ba,Hf,Hf,O,O,9,9,6,6,6,1.47,0.71,1.4,2.0,4.0,-2.0,0.1586786,0.229987,0.304575,5.211664,6.82507,13.618054,2.0,4.0,6.0,Handbook,True,Ba2HfO4
Eu2VO4,RP,1,1,1.83,1.75269192,1,Eu,Eu,V,V,O,O,9,9,6,6,6,1.3,0.58,1.4,2.0,4.0,-2.0,0.189935,0.1273344,0.304575,5.670385,6.746187,13.618054,9.0,5.0,6.0,Handbook,True,Eu2VO4
Cs2NpO4,RP,1,1,1.83,1.558049083,1,Cs,Cs,Np,Np,O,O,9,9,6,6,6,1.78,0.72,1.4,1.0,6.0,-2.0,0.1542125,0.14265,0.304575,3.893905548,6.2655,13.618054,1.0,7.0,6.0,Handbook,True,Cs2NpO4
SrLaVO4,RP,1,1,1.83,1.735795247,1,Sr,La,V,V,O,O,9,9,6,6,6,1.263,0.64,1.4,2.5,3.0,-2.0,0.1408251,0.1273344,0.304575,5.6358836,6.746187,13.618054,2.5,5.0,6.0,Handbook,True,SrLaVO4
NaSmTiO4,RP,1,1,1.83,1.781420467,1,Na,Sm,Ti,Ti,O,O,9,9,6,6,6,1.186,0.605,1.4,2.0,4.0,-2.0,0.139341,0.1233637,0.304575,5.39139335,6.82812,13.618054,4.5,4.0,6.0,Handbook,True,NaSmTiO4
NaTmTiO4,RP,1,1,1.83,1.799902965,1,Na,Tm,Ti,Ti,O,O,9,9,6,6,6,1.146,0.605,1.4,2.0,4.0,-2.0,0.1549692,0.1233637,0.304575,5.66169335,6.82812,13.618054,8.0,4.0,6.0,Handbook,True,NaTmTiO4
NaYTiO4,RP,1,1,1.83,1.794392534,1,Na,Y,Ti,Ti,O,O,9,9,6,6,6,1.1575,0.605,1.4,2.0,4.0,-2.0,0.1074563,0.1233637,0.304575,5.67816835,6.82812,13.618054,2.0,4.0,6.0,Handbook,True,NaYTiO4
SrNdNiO4,RP,1,1,1.83,1.76298367,1,Sr,Nd,Ni,Ni,O,O,9,9,6,6,6,1.2365,0.6,1.4,2.5,3.0,-2.0,0.1475236,0.1472068,0.304575,5.6099336,7.639877,13.618054,4.0,10.0,6.0,Handbook,True,SrNdNiO4
EuTbCuO4,RP,1,1,1.83,1.819317985,1,Eu,Tb,Cu,Cu,O,O,9,9,6,6,6,1.1075,0.73,1.4,3.0,2.0,-2.0,0.194399,0.1511716,0.304575,5.7670925,7.72638,13.618054,10.0,11.0,6.0,Handbook,True,EuTbCuO4
Eu2TiO4,RP,1,1,1.83,1.737782888,1,Eu,Eu,Ti,Ti,O,O,9,9,6,6,6,1.3,0.605,1.4,2.0,4.0,-2.0,0.189935,0.1233637,0.304575,5.670385,6.82812,13.618054,9.0,4.0,6.0,Handbook,True,Eu2TiO4
SrEuAlO4,RP,1,1,1.83,1.811549373,1,Sr,Eu,Al,Al,O,O,9,9,6,6,6,1.215,0.535,1.4,2.5,3.0,-2.0,0.1542216,0.150078,0.304575,5.6826261,5.9857684,13.618054,5.5,3.0,6.0,Handbook,True,SrEuAlO4
EuSmAlO4,RP,1,1,1.83,1.811230607,1,Eu,Sm,Al,Al,O,O,9,9,6,6,6,1.216,0.535,1.4,2.5,3.0,-2.0,0.1877015,0.150078,0.304575,5.6570475,5.9857684,13.618054,8.5,3.0,6.0,Handbook,True,EuSmAlO4
EuPrAlO4,RP,1,1,1.83,1.80396026,1,Eu,Pr,Al,Al,O,O,9,9,6,6,6,1.2395,0.535,1.4,2.5,3.0,-2.0,0.1810075,0.150078,0.304575,5.5716925,5.9857684,13.618054,7.0,3.0,6.0,Handbook,True,EuPrAlO4
Ba2PbO4,RP,1,1,1.83,1.621994327,1,Ba,Ba,Pb,Pb,O,O,9,9,6,6,6,1.47,0.775,1.4,2.0,4.0,-2.0,0.1586786,0.177911,0.304575,5.211664,7.4166796,13.618054,2.0,4.0,6.0,Handbook,True,Ba2PbO4
Sr2HfO4,RP,1,1,1.83,1.697966446,1,Sr,Sr,Hf,Hf,O,O,9,9,6,6,6,1.31,0.71,1.4,2.0,4.0,-2.0,0.1185082,0.229987,0.304575,5.6948672,6.82507,13.618054,2.0,4.0,6.0,Handbook,True,Sr2HfO4
SrGdCrO4,RP,1,1,1.83,1.767756333,1,Sr,Gd,Cr,Cr,O,O,9,9,6,6,6,1.2085,0.615,1.4,2.5,3.0,-2.0,0.1564541,0.1313053,0.304575,5.9223316,6.76651,13.618054,6.0,6.0,6.0,Handbook,True,SrGdCrO4
SrNdCrO4,RP,1,1,1.83,1.756160403,1,Sr,Nd,Cr,Cr,O,O,9,9,6,6,6,1.2365,0.615,1.4,2.5,3.0,-2.0,0.1475236,0.1313053,0.304575,5.6099336,6.76651,13.618054,4.0,6.0,6.0,Handbook,True,SrNdCrO4
SrGdNiO4,RP,1,1,1.83,1.774020843,1,Sr,Gd,Ni,Ni,O,O,9,9,6,6,6,1.2085,0.6,1.4,2.5,3.0,-2.0,0.1564541,0.1472068,0.304575,5.9223316,7.639877,13.618054,6.0,10.0,6.0,Handbook,True,SrGdNiO4
SrLaScO4,RP,1,1,1.83,1.718778391,1,Sr,La,Sc,Sc,O,O,9,9,6,6,6,1.263,0.745,1.4,2.5,3.0,-2.0,0.1408251,0.1193833,0.304575,5.6358836,6.56149,13.618054,2.5,3.0,6.0,Handbook,True,SrLaScO4
NaPrTiO4,RP,1,1,1.83,1.771406788,1,Na,Pr,Ti,Ti,O,O,9,9,6,6,6,1.2095,0.605,1.4,2.0,4.0,-2.0,0.132647,0.1233637,0.304575,5.30603835,6.82812,13.618054,3.0,4.0,6.0,Handbook,True,NaPrTiO4
Nd2CoO4,RP,1,1,1.83,1.781185952,1,Nd,Nd,Co,Co,O,O,9,9,6,6,6,1.163,0.745,1.4,3.0,2.0,-2.0,0.176539,0.1432363,0.304575,5.525,7.88101,13.618054,6.0,9.0,6.0,Handbook,True,Nd2CoO4
Pr2CoO4,RP,1,1,1.83,1.770123984,1,Pr,Pr,Co,Co,O,O,9,9,6,6,6,1.179,0.745,1.4,3.0,2.0,-2.0,0.17208,0.1432363,0.304575,5.473,7.88101,13.618054,5.0,9.0,6.0,Handbook,True,Pr2CoO4
Ba2RuO4,RP,1,1,1.83,1.68057461,1,Ba,Ba,Ru,Ru,O,O,9,9,6,6,6,1.47,0.62,1.4,2.0,4.0,-2.0,0.1586786,0.1376494,0.304575,5.211664,7.3605,13.618054,2.0,8.0,6.0,Handbook,True,Ba2RuO4
La2CdS4,Th3P4,0,1,1.83,2.00205631,0,La,La,Cd,Cd,S,S,9,9,6,6,6,1.216,0.95,1.84,3.0,2.0,-2.0,0.163142,0.1504066,0.23596,5.5769,8.993822,10.36001,3.0,12.0,6.0,Handbook,True,La2CdS4
Sm2CdS4,Th3P4,0,1,1.83,2.095999345,0,Sm,Sm,Cd,Cd,S,S,9,9,6,6,6,1.132,0.95,1.84,3.0,2.0,-2.0,0.185468,0.1504066,0.23596,5.64371,8.993822,10.36001,8.0,12.0,6.0,Handbook,True,Sm2CdS4
La2SrS4,Th3P4,0,1,1.83,2.190394112,0,La,La,Sr,Sr,S,S,9,9,6,6,6,1.216,1.18,1.84,3.0,2.0,-2.0,0.163142,0.1185082,0.23596,5.5769,5.6948672,10.36001,3.0,2.0,6.0,Handbook,True,La2SrS4
La2PbSe4,Th3P4,0,1,1.83,2.247603137,0,La,La,Pb,Pb,Se,Se,9,9,6,6,6,1.216,1.19,1.98,3.0,2.0,-2.0,0.163142,0.177911,0.2240328,5.5769,7.4166796,9.752392,3.0,4.0,6.0,Handbook,True,La2PbSe4
La2PbS4,Th3P4,0,1,1.83,2.201164354,0,La,La,Pb,Pb,S,S,9,9,6,6,6,1.216,1.19,1.84,3.0,2.0,-2.0,0.163142,0.177911,0.23596,5.5769,7.4166796,10.36001,3.0,4.0,6.0,Handbook,True,La2PbS4
Ce2CdSe4,Th3P4,0,1,1.83,2.074614846,0,Ce,Ce,Cd,Cd,Se,Se,9,9,6,6,6,1.196,0.95,1.98,3.0,2.0,-2.0,0.16761,0.1504066,0.2240328,5.5386,8.993822,9.752392,4.0,12.0,6.0,Handbook,True,Ce2CdSe4
Pr2CaS4,Th3P4,0,1,1.83,2.075869237,0,Pr,Pr,Ca,Ca,S,S,9,9,6,6,6,1.179,1.0,1.84,3.0,2.0,-2.0,0.17208,0.1154119,0.23596,5.473,6.1131552,10.36001,5.0,2.0,6.0,Handbook,True,Pr2CaS4
Yb2CaS4,Th3P4,0,1,1.83,2.277476456,0,Yb,Yb,Ca,Ca,S,S,9,9,6,6,6,1.042,1.0,1.84,3.0,2.0,-2.0,0.22119,0.1154119,0.23596,6.25416,6.1131552,10.36001,16.0,2.0,6.0,Handbook,True,Yb2CaS4
Bi2YbTe4,Th3P4,0,1,1.83,2.231986443,0,Bi,Bi,Yb,Yb,Te,Te,9,9,6,6,6,1.17,1.02,2.21,3.0,2.0,-2.0,0.182377,0.22119,0.2056992,7.285516,6.25416,9.00966,5.0,16.0,6.0,Handbook,True,Bi2YbTe4
Bi2EuTe4,Th3P4,0,1,1.83,2.374368542,0,Bi,Bi,Eu,Eu,Te,Te,9,9,6,6,6,1.17,1.17,2.21,3.0,2.0,-2.0,0.182377,0.189935,0.2056992,7.285516,5.670385,9.00966,5.0,9.0,6.0,Handbook,True,Bi2EuTe4
Ho2CaS4,Th3P4,0,1,1.83,2.226648665,0,Ho,Ho,Ca,Ca,S,S,9,9,6,6,6,1.072,1.0,1.84,3.0,2.0,-2.0,0.207795,0.1154119,0.23596,6.0215,6.1131552,10.36001,13.0,2.0,6.0,Handbook,True,Ho2CaS4
Nd2CaS4,Th3P4,0,1,1.83,2.095799812,0,Nd,Nd,Ca,Ca,S,S,9,9,6,6,6,1.163,1.0,1.84,3.0,2.0,-2.0,0.176539,0.1154119,0.23596,5.525,6.1131552,10.36001,6.0,2.0,6.0,Handbook,True,Nd2CaS4
La2CaS4,Th3P4,0,1,1.83,2.032755817,0,La,La,Ca,Ca,S,S,9,9,6,6,6,1.216,1.0,1.84,3.0,2.0,-2.0,0.163142,0.1154119,0.23596,5.5769,6.1131552,10.36001,3.0,2.0,6.0,Handbook,True,La2CaS4
Gd2CrS4,Th3P4,0,1,1.83,2.038832645,0,Gd,Gd,Cr,Cr,S,S,9,9,6,6,6,1.107,0.8,1.84,3.0,2.0,-2.0,0.1944,0.1313053,0.23596,6.149796,6.76651,10.36001,10.0,6.0,6.0,Handbook,True,Gd2CrS4
Pr2EuS4,Th3P4,0,1,1.83,2.238844354,0,Pr,Pr,Eu,Eu,S,S,9,9,6,6,6,1.179,1.17,1.84,3.0,2.0,-2.0,0.17208,0.189935,0.23596,5.473,5.670385,10.36001,5.0,9.0,6.0,Handbook,True,Pr2EuS4
La2EuSe4,Th3P4,0,1,1.83,2.226660406,0,La,La,Eu,Eu,Se,Se,9,9,6,6,6,1.216,1.17,1.98,3.0,2.0,-2.0,0.163142,0.189935,0.2240328,5.5769,5.670385,9.752392,3.0,9.0,6.0,Handbook,True,La2EuSe4
Dy2YbS4,Th3P4,0,1,1.83,2.230141935,0,Dy,Dy,Yb,Yb,S,S,9,9,6,6,6,1.083,1.02,1.84,3.0,2.0,-2.0,0.20333,0.22119,0.23596,5.93905,6.25416,10.36001,12.0,16.0,6.0,Handbook,True,Dy2YbS4
Gd2CdTe4,Th3P4,0,1,1.83,2.261691229,0,Gd,Gd,Cd,Cd,Te,Te,9,9,6,6,6,1.107,0.95,2.21,3.0,2.0,-2.0,0.1944,0.1504066,0.2056992,6.149796,8.993822,9.00966,10.0,12.0,6.0,Handbook,True,Gd2CdTe4
Gd2CdSe4,Th3P4,0,1,1.83,2.180144267,0,Gd,Gd,Cd,Cd,Se,Se,9,9,6,6,6,1.107,0.95,1.98,3.0,2.0,-2.0,0.1944,0.1504066,0.2240328,6.149796,8.993822,9.752392,10.0,12.0,6.0,Handbook,True,Gd2CdSe4
Gd2CdS4,Th3P4,0,1,1.83,2.128169505,0,Gd,Gd,Cd,Cd,S,S,9,9,6,6,6,1.107,0.95,1.84,3.0,2.0,-2.0,0.1944,0.1504066,0.23596,6.149796,8.993822,10.36001,10.0,12.0,6.0,Handbook,True,Gd2CdS4
Ce2CdS4,Th3P4,0,1,1.83,2.022640084,0,Ce,Ce,Cd,Cd,S,S,9,9,6,6,6,1.196,0.95,1.84,3.0,2.0,-2.0,0.16761,0.1504066,0.23596,5.5386,8.993822,10.36001,4.0,12.0,6.0,Handbook,True,Ce2CdS4
Ho2YbS4,Th3P4,0,1,1.83,2.248439522,0,Ho,Ho,Yb,Yb,S,S,9,9,6,6,6,1.072,1.02,1.84,3.0,2.0,-2.0,0.207795,0.22119,0.23596,6.0215,6.25416,10.36001,13.0,16.0,6.0,Handbook,True,Ho2YbS4
Tm2MnS4,Th3P4,0,1,1.83,2.111393864,0,Tm,Tm,Mn,Mn,S,S,9,9,6,6,6,1.052,0.83,1.84,3.0,2.0,-2.0,0.2167244,0.1352844,0.23596,6.18431,7.434018,10.36001,15.0,7.0,6.0,Handbook,True,Tm2MnS4
Tb2CdS4,Th3P4,0,1,1.83,2.144399646,0,Tb,Tb,Cd,Cd,S,S,9,9,6,6,6,1.095,0.95,1.84,3.0,2.0,-2.0,0.198863,0.1504066,0.23596,5.8638,8.993822,10.36001,11.0,12.0,6.0,Handbook,True,Tb2CdS4
La2CdSe4,Th3P4,0,1,1.83,2.054031072,0,La,La,Cd,Cd,Se,Se,9,9,6,6,6,1.216,0.95,1.98,3.0,2.0,-2.0,0.163142,0.1504066,0.2240328,5.5769,8.993822,9.752392,3.0,12.0,6.0,Handbook,True,La2CdSe4
La2CdTe4,Th3P4,0,1,1.83,2.135578034,0,La,La,Cd,Cd,Te,Te,9,9,6,6,6,1.216,0.95,2.21,3.0,2.0,-2.0,0.163142,0.1504066,0.2056992,5.5769,8.993822,9.00966,3.0,12.0,6.0,Handbook,True,La2CdTe4
Nd2ZnS4,Th3P4,0,1,1.83,1.981718889,0,Nd,Nd,Zn,Zn,S,S,9,9,6,6,6,1.163,0.74,1.84,3.0,2.0,-2.0,0.176539,0.1551518,0.23596,5.525,9.394199,10.36001,6.0,12.0,6.0,Handbook,True,Nd2ZnS4
Nd2YbS4,Th3P4,0,1,1.83,2.112304376,0,Nd,Nd,Yb,Yb,S,S,9,9,6,6,6,1.163,1.02,1.84,3.0,2.0,-2.0,0.176539,0.22119,0.23596,5.525,6.25416,10.36001,6.0,16.0,6.0,Handbook,True,Nd2YbS4
Gd2MnS4,Th3P4,0,1,1.83,2.051076161,0,Gd,Gd,Mn,Mn,S,S,9,9,6,6,6,1.107,0.83,1.84,3.0,2.0,-2.0,0.1944,0.1352844,0.23596,6.149796,7.434018,10.36001,10.0,7.0,6.0,Handbook,True,Gd2MnS4
Gd2ZnS4,Th3P4,0,1,1.83,2.023716313,0,Gd,Gd,Zn,Zn,S,S,9,9,6,6,6,1.107,0.74,1.84,3.0,2.0,-2.0,0.1944,0.1551518,0.23596,6.149796,9.394199,10.36001,10.0,12.0,6.0,Handbook,True,Gd2ZnS4
La2SrSe4,Th3P4,0,1,1.83,2.237029254,0,La,La,Sr,Sr,Se,Se,9,9,6,6,6,1.216,1.18,1.98,3.0,2.0,-2.0,0.163142,0.1185082,0.2240328,5.5769,5.6948672,9.752392,3.0,2.0,6.0,Handbook,True,La2SrSe4
Ce2PbS4,Th3P4,0,1,1.83,2.233462063,0,Ce,Ce,Pb,Pb,S,S,9,9,6,6,6,1.196,1.19,1.84,3.0,2.0,-2.0,0.16761,0.177911,0.23596,5.5386,7.4166796,10.36001,4.0,4.0,6.0,Handbook,True,Ce2PbS4
Ce2EuSe4,Th3P4,0,1,1.83,2.2578816,0,Ce,Ce,Eu,Eu,Se,Se,9,9,6,6,6,1.196,1.17,1.98,3.0,2.0,-2.0,0.16761,0.189935,0.2240328,5.5386,5.670385,9.752392,4.0,9.0,6.0,Handbook,True,Ce2EuSe4
Tb2CdSe4,Th3P4,0,1,1.83,2.196374407,0,Tb,Tb,Cd,Cd,Se,Se,9,9,6,6,6,1.095,0.95,1.98,3.0,2.0,-2.0,0.198863,0.1504066,0.2240328,5.8638,8.993822,9.752392,11.0,12.0,6.0,Handbook,True,Tb2CdSe4
Sm2CdSe4,Th3P4,0,1,1.83,2.147974107,0,Sm,Sm,Cd,Cd,Se,Se,9,9,6,6,6,1.132,0.95,1.98,3.0,2.0,-2.0,0.185468,0.1504066,0.2240328,5.64371,8.993822,9.752392,8.0,12.0,6.0,Handbook,True,Sm2CdSe4
Pr2CdSe4,Th3P4,0,1,1.83,2.092940934,0,Pr,Pr,Cd,Cd,Se,Se,9,9,6,6,6,1.179,0.95,1.98,3.0,2.0,-2.0,0.17208,0.1504066,0.2240328,5.473,8.993822,9.752392,5.0,12.0,6.0,Handbook,True,Pr2CdSe4
Pr2CdS4,Th3P4,0,1,1.83,2.040966173,0,Pr,Pr,Cd,Cd,S,S,9,9,6,6,6,1.179,0.95,1.84,3.0,2.0,-2.0,0.17208,0.1504066,0.23596,5.473,8.993822,10.36001,5.0,12.0,6.0,Handbook,True,Pr2CdS4
Nd2CdSe4,Th3P4,0,1,1.83,2.110928278,0,Nd,Nd,Cd,Cd,Se,Se,9,9,6,6,6,1.163,0.95,1.98,3.0,2.0,-2.0,0.176539,0.1504066,0.2240328,5.525,8.993822,9.752392,6.0,12.0,6.0,Handbook,True,Nd2CdSe4
Nd2CdS4,Th3P4,0,1,1.83,2.058953517,0,Nd,Nd,Cd,Cd,S,S,9,9,6,6,6,1.163,0.95,1.84,3.0,2.0,-2.0,0.176539,0.1504066,0.23596,5.525,8.993822,10.36001,6.0,12.0,6.0,Handbook,True,Nd2CdS4
Ce2SrSe4,Th3P4,0,1,1.83,2.268786425,0,Ce,Ce,Sr,Sr,Se,Se,9,9,6,6,6,1.196,1.18,1.98,3.0,2.0,-2.0,0.16761,0.1185082,0.2240328,5.5386,5.6948672,9.752392,4.0,2.0,6.0,Handbook,True,Ce2SrSe4
Ce2YbS4,Th3P4,0,1,1.83,2.070442331,0,Ce,Ce,Yb,Yb,S,S,9,9,6,6,6,1.196,1.02,1.84,3.0,2.0,-2.0,0.16761,0.22119,0.23596,5.5386,6.25416,10.36001,4.0,16.0,6.0,Handbook,True,Ce2YbS4
Ce2SrS4,Th3P4,0,1,1.83,2.222151283,0,Ce,Ce,Sr,Sr,S,S,9,9,6,6,6,1.196,1.18,1.84,3.0,2.0,-2.0,0.16761,0.1185082,0.23596,5.5386,5.6948672,10.36001,4.0,2.0,6.0,Handbook,True,Ce2SrS4
Sm2CeS4,Th3P4,0,1,1.83,1.935190955,0,Sm,Sm,Ce,Ce,S,S,9,9,6,6,6,1.32,1.01,1.84,2.5,3.0,-2.0,0.185468,0.16761,0.23596,5.64371,5.5386,10.36001,8.0,4.0,6.0,Handbook,True,Sm2CeS4
Ce2PbSe4,Th3P4,0,1,1.83,2.279900846,0,Ce,Ce,Pb,Pb,Se,Se,9,9,6,6,6,1.196,1.19,1.98,3.0,2.0,-2.0,0.16761,0.177911,0.2240328,5.5386,7.4166796,9.752392,4.0,4.0,6.0,Handbook,True,Ce2PbSe4
Nd2CeS4,Th3P4,0,1,1.83,1.909459765,0,Nd,Nd,Ce,Ce,S,S,9,9,6,6,6,1.35,1.01,1.84,2.5,3.0,-2.0,0.176539,0.16761,0.23596,5.525,5.5386,10.36001,6.0,4.0,6.0,Handbook,True,Nd2CeS4
Pr2EuSe4,Th3P4,0,1,1.83,2.285678367,0,Pr,Pr,Eu,Eu,Se,Se,9,9,6,6,6,1.179,1.17,1.98,3.0,2.0,-2.0,0.17208,0.189935,0.2240328,5.473,5.670385,9.752392,5.0,9.0,6.0,Handbook,True,Pr2EuSe4
Dy2CaS4,Th3P4,0,1,1.83,2.209061596,0,Dy,Dy,Ca,Ca,S,S,9,9,6,6,6,1.083,1.0,1.84,3.0,2.0,-2.0,0.20333,0.1154119,0.23596,5.93905,6.1131552,10.36001,12.0,2.0,6.0,Handbook,True,Dy2CaS4
Tm2MgS4,Th3P4,0,1,1.83,2.067028441,0,Tm,Tm,Mg,Mg,S,S,9,9,6,6,6,1.052,0.72,1.84,3.0,2.0,-2.0,0.2167244,0.121644,0.23596,6.18431,7.646235,10.36001,15.0,2.0,6.0,Handbook,True,Tm2MgS4
Tb2YbS4,Th3P4,0,1,1.83,2.210806484,0,Tb,Tb,Yb,Yb,S,S,9,9,6,6,6,1.095,1.02,1.84,3.0,2.0,-2.0,0.198863,0.22119,0.23596,5.8638,6.25416,10.36001,11.0,16.0,6.0,Handbook,True,Tb2YbS4
Sm2ZnS4,Th3P4,0,1,1.83,2.004196779,0,Sm,Sm,Zn,Zn,S,S,9,9,6,6,6,1.132,0.74,1.84,3.0,2.0,-2.0,0.185468,0.1551518,0.23596,5.64371,9.394199,10.36001,8.0,12.0,6.0,Handbook,True,Sm2ZnS4
Pr2YbS4,Th3P4,0,1,1.83,2.091568605,0,Pr,Pr,Yb,Yb,S,S,9,9,6,6,6,1.179,1.02,1.84,3.0,2.0,-2.0,0.17208,0.22119,0.23596,5.473,6.25416,10.36001,5.0,16.0,6.0,Handbook,True,Pr2YbS4
Y2YbS4,Th3P4,0,1,1.83,2.243393523,0,Y,Y,Yb,Yb,S,S,9,9,6,6,6,1.075,1.02,1.84,3.0,2.0,-2.0,0.1216986,0.22119,0.23596,6.21726,6.25416,10.36001,3.0,16.0,6.0,Handbook,True,Y2YbS4
Co2RuO4,Spinel,0,1,1.83,1.977253669,0,Co,Co,Ru,Ru,O,O,9,9,6,6,6,0.9,0.62,1.4,2.0,4.0,-2.0,0.1432363,0.1376494,0.304575,7.88101,7.3605,13.618054,9.0,8.0,6.0,Handbook,True,Co2RuO4
Co2SiO4,Spinel,0,1,1.83,2.068359558,0,Co,Co,Si,Si,O,O,9,9,6,6,6,0.9,0.4,1.4,2.0,4.0,-2.0,0.1432363,0.178503,0.304575,7.88101,8.151683,13.618054,9.0,4.0,6.0,Handbook,True,Co2SiO4
Co2SnO4,Spinel,0,1,1.83,2.012202401,0,Co,Co,Sn,Sn,O,O,9,9,6,6,6,0.9,0.69,1.4,2.0,4.0,-2.0,0.1432363,0.178052,0.304575,7.88101,7.343917,13.618054,9.0,4.0,6.0,Handbook,True,Co2SnO4
Ho2CdS4,Spinel,0,1,1.83,2.177044606,0,Ho,Ho,Cd,Cd,S,S,9,9,6,6,6,1.072,0.95,1.84,3.0,2.0,-2.0,0.207795,0.1504066,0.23596,6.0215,8.993822,10.36001,13.0,12.0,6.0,Handbook,True,Ho2CdS4
Co2RhS4,Spinel,0,1,1.83,2.195634516,0,Co,Co,Rh,Rh,S,S,9,9,6,6,6,0.9,0.6,1.84,2.0,4.0,-2.0,0.1432363,0.1408379,0.23596,7.88101,7.4589,10.36001,9.0,9.0,6.0,Handbook,True,Co2RhS4
Co2VO4,Spinel,0,1,1.83,1.968947308,0,Co,Co,V,V,O,O,9,9,6,6,6,0.9,0.58,1.4,2.0,4.0,-2.0,0.1432363,0.1273344,0.304575,7.88101,6.746187,13.618054,9.0,5.0,6.0,Handbook,True,Co2VO4
Co2TiO4,Spinel,0,1,1.83,1.973082764,0,Co,Co,Ti,Ti,O,O,9,9,6,6,6,0.9,0.605,1.4,2.0,4.0,-2.0,0.1432363,0.1233637,0.304575,7.88101,6.82812,13.618054,9.0,4.0,6.0,Handbook,True,Co2TiO4
Co2TcO4,Spinel,0,1,1.83,1.986887268,0,Co,Co,Tc,Tc,O,O,9,9,6,6,6,0.9,0.645,1.4,2.0,4.0,-2.0,0.1432363,0.1344592,0.304575,7.88101,7.119381,13.618054,9.0,7.0,6.0,Handbook,True,Co2TcO4
Zn2GeO4,Spinel,0,1,1.83,1.972062234,0,Zn,Zn,Ge,Ge,O,O,9,9,6,6,6,0.9,0.53,1.4,2.0,4.0,-2.0,0.1551518,0.1895892,0.304575,9.394199,7.899435,13.618054,12.0,4.0,6.0,Handbook,True,Zn2GeO4
Lu2FeS4,Spinel,0,1,1.83,2.107150028,0,Lu,Lu,Fe,Fe,S,S,9,9,6,6,6,1.032,0.78,1.84,3.0,2.0,-2.0,0.22565,0.1392532,0.23596,5.425871,7.9024678,10.36001,17.0,8.0,6.0,Handbook,True,Lu2FeS4
In2FeS4,Spinel,0,1,1.83,2.254704369,0,In,In,Fe,Fe,S,S,9,9,6,6,6,0.92,0.78,1.84,3.0,2.0,-2.0,0.16423,0.1392532,0.23596,5.7863552,7.9024678,10.36001,3.0,8.0,6.0,Handbook,True,In2FeS4
Fe2TiO4,Spinel,0,1,1.83,1.953649245,0,Fe,Fe,Ti,Ti,O,O,9,9,6,6,6,0.92,0.605,1.4,2.0,4.0,-2.0,0.1392532,0.1233637,0.304575,7.9024678,6.82812,13.618054,8.0,4.0,6.0,Handbook,True,Fe2TiO4
Ni2GeO4,Spinel,0,1,1.83,2.215274211,0,Ni,Ni,Ge,Ge,O,O,9,9,6,6,6,0.69,0.53,1.4,2.0,4.0,-2.0,0.1472068,0.1895892,0.304575,7.639877,7.899435,13.618054,10.0,4.0,6.0,Handbook,True,Ni2GeO4
In2ZnS4,Spinel,0,1,1.83,2.223835117,0,In,In,Zn,Zn,S,S,9,9,6,6,6,0.92,0.74,1.84,3.0,2.0,-2.0,0.16423,0.1551518,0.23596,5.7863552,9.394199,10.36001,3.0,12.0,6.0,Handbook,True,In2ZnS4
In2MnSe4,Spinel,0,1,1.83,2.358437814,0,In,In,Mn,Mn,Se,Se,9,9,6,6,6,0.92,0.83,1.98,3.0,2.0,-2.0,0.16423,0.1352844,0.2240328,5.7863552,7.434018,9.752392,3.0,7.0,6.0,Handbook,True,In2MnSe4
In2MnS4,Spinel,0,1,1.83,2.302832633,0,In,In,Mn,Mn,S,S,9,9,6,6,6,0.92,0.83,1.84,3.0,2.0,-2.0,0.16423,0.1352844,0.23596,5.7863552,7.434018,10.36001,3.0,7.0,6.0,Handbook,True,In2MnS4
In2MnO4,Spinel,0,1,1.83,2.112666008,0,In,In,Mn,Mn,O,O,9,9,6,6,6,0.92,0.83,1.4,3.0,2.0,-2.0,0.16423,0.1352844,0.304575,5.7863552,7.434018,13.618054,3.0,7.0,6.0,Handbook,True,In2MnO4
In2MgO4,Spinel,0,1,1.83,2.006909748,0,In,In,Mg,Mg,O,O,9,9,6,6,6,0.92,0.72,1.4,3.0,2.0,-2.0,0.16423,0.121644,0.304575,5.7863552,7.646235,13.618054,3.0,2.0,6.0,Handbook,True,In2MgO4
Li2MoO4,Spinel,0,1,1.83,1.951687235,0,Li,Li,Mo,Mo,O,O,9,9,6,6,6,0.92,0.59,1.4,1.0,6.0,-2.0,0.105093,0.1312672,0.304575,5.391714761,7.09243,13.618054,1.0,6.0,6.0,Handbook,True,Li2MoO4
Sm2ZnO4,Spinel,0,1,1.83,1.802797698,1,Sm,Sm,Zn,Zn,O,O,9,9,6,6,6,1.132,0.74,1.4,3.0,2.0,-2.0,0.185468,0.1551518,0.304575,5.64371,9.394199,13.618054,8.0,12.0,6.0,Handbook,True,Sm2ZnO4
Na2MoO4,Spinel,0,1,1.83,1.766807748,1,Na,Na,Mo,Mo,O,O,9,9,6,6,6,1.24,0.59,1.4,1.0,6.0,-2.0,0.093214,0.1312672,0.304575,5.1390767,7.09243,13.618054,1.0,6.0,6.0,Handbook,True,Na2MoO4
Zn2SnO4,Spinel,0,1,1.83,2.012202401,0,Zn,Zn,Sn,Sn,O,O,9,9,6,6,6,0.9,0.69,1.4,2.0,4.0,-2.0,0.1551518,0.178052,0.304575,9.394199,7.343917,13.618054,12.0,4.0,6.0,Handbook,True,Zn2SnO4
Ag2MoO4,Spinel,0,1,1.83,1.752879347,1,Ag,Ag,Mo,Mo,O,O,9,9,6,6,6,1.28,0.59,1.4,1.0,6.0,-2.0,0.1472165,0.1312672,0.304575,7.576234,7.09243,13.618054,11.0,6.0,6.0,Handbook,True,Ag2MoO4
Fe2CuO4,Spinel,0,1,1.83,2.26075354,0,Fe,Fe,Cu,Cu,O,O,9,9,6,6,6,0.78,0.73,1.4,3.0,2.0,-2.0,0.1392532,0.1511716,0.304575,7.9024678,7.72638,13.618054,8.0,11.0,6.0,Handbook,True,Fe2CuO4
Rh2BeO4,Spinel,0,1,1.83,2.221745904,0,Rh,Rh,Be,Be,O,O,9,9,6,6,6,0.665,0.45,1.4,3.0,2.0,-2.0,0.1408379,0.144986,0.304575,7.4589,9.322699,13.618054,9.0,2.0,6.0,Handbook,True,Rh2BeO4
Cu2GeO4,Spinel,0,1,1.83,2.152387892,0,Cu,Cu,Ge,Ge,O,O,9,9,6,6,6,0.73,0.53,1.4,2.0,4.0,-2.0,0.1511716,0.1895892,0.304575,7.72638,7.899435,13.618054,11.0,4.0,6.0,Handbook,True,Cu2GeO4
Fe2CoO4,Spinel,0,1,1.83,2.283107089,0,Fe,Fe,Co,Co,O,O,9,9,6,6,6,0.78,0.745,1.4,3.0,2.0,-2.0,0.1392532,0.1432363,0.304575,7.9024678,7.88101,13.618054,8.0,9.0,6.0,Handbook,True,Fe2CoO4
Mn2CoO4,Spinel,0,1,1.83,1.930068118,0,Mn,Mn,Co,Co,O,O,9,9,6,6,6,0.96,0.53,1.4,2.0,4.0,-2.0,0.1352844,0.1432363,0.304575,7.434018,7.88101,13.618054,7.0,9.0,6.0,Handbook,True,Mn2CoO4
In2CrS4,Spinel,0,1,1.83,2.272718756,0,In,In,Cr,Cr,S,S,9,9,6,6,6,0.92,0.8,1.84,3.0,2.0,-2.0,0.16423,0.1313053,0.23596,5.7863552,6.76651,10.36001,3.0,6.0,6.0,Handbook,True,In2CrS4
Eu2ZnO4,Spinel,0,1,1.83,1.812003978,1,Eu,Eu,Zn,Zn,O,O,9,9,6,6,6,1.12,0.74,1.4,3.0,2.0,-2.0,0.189935,0.1551518,0.304575,5.670385,9.394199,13.618054,9.0,12.0,6.0,Handbook,True,Eu2ZnO4
Er2MgSe4,Spinel,0,1,1.83,2.11795043,0,Er,Er,Mg,Mg,Se,Se,9,9,6,6,6,1.062,0.72,1.98,3.0,2.0,-2.0,0.212261,0.121644,0.2240328,6.1077,7.646235,9.752392,14.0,2.0,6.0,Handbook,True,Er2MgSe4
Co2GeO4,Spinel,0,1,1.83,1.972062234,0,Co,Co,Ge,Ge,O,O,9,9,6,6,6,0.9,0.53,1.4,2.0,4.0,-2.0,0.1432363,0.1895892,0.304575,7.88101,7.899435,13.618054,9.0,4.0,6.0,Handbook,True,Co2GeO4
In2CoS4,Spinel,0,1,1.83,2.227307181,0,In,In,Co,Co,S,S,9,9,6,6,6,0.92,0.745,1.84,3.0,2.0,-2.0,0.16423,0.1432363,0.23596,5.7863552,7.88101,10.36001,3.0,9.0,6.0,Handbook,True,In2CoS4
Ni2CoS4,Spinel,0,1,1.83,2.453251443,0,Ni,Ni,Co,Co,S,S,9,9,6,6,6,0.69,0.53,1.84,2.0,4.0,-2.0,0.1472068,0.1432363,0.23596,7.639877,7.88101,10.36001,10.0,9.0,6.0,Handbook,True,Ni2CoS4
Er2CdSe4,Spinel,0,1,1.83,2.243878828,0,Er,Er,Cd,Cd,Se,Se,9,9,6,6,6,1.062,0.95,1.98,3.0,2.0,-2.0,0.212261,0.1504066,0.2240328,6.1077,8.993822,9.752392,14.0,12.0,6.0,Handbook,True,Er2CdSe4
Er2CdS4,Spinel,0,1,1.83,2.191904066,0,Er,Er,Cd,Cd,S,S,9,9,6,6,6,1.062,0.95,1.84,3.0,2.0,-2.0,0.212261,0.1504066,0.23596,6.1077,8.993822,10.36001,14.0,12.0,6.0,Handbook,True,Er2CdS4
Dy2CdTe4,Spinel,0,1,1.83,2.294694,0,Dy,Dy,Cd,Cd,Te,Te,9,9,6,6,6,1.083,0.95,2.21,3.0,2.0,-2.0,0.20333,0.1504066,0.2056992,5.93905,8.993822,9.00966,12.0,12.0,6.0,Handbook,True,Dy2CdTe4
Dy2CdSe4,Spinel,0,1,1.83,2.213147038,0,Dy,Dy,Cd,Cd,Se,Se,9,9,6,6,6,1.083,0.95,1.98,3.0,2.0,-2.0,0.20333,0.1504066,0.2240328,5.93905,8.993822,9.752392,12.0,12.0,6.0,Handbook,True,Dy2CdSe4
Dy2CdS4,Spinel,0,1,1.83,2.161172276,0,Dy,Dy,Cd,Cd,S,S,9,9,6,6,6,1.083,0.95,1.84,3.0,2.0,-2.0,0.20333,0.1504066,0.23596,5.93905,8.993822,10.36001,12.0,12.0,6.0,Handbook,True,Dy2CdS4
Yb2MnS4,Spinel,0,1,1.83,2.123398968,0,Yb,Yb,Mn,Mn,S,S,9,9,6,6,6,1.042,0.83,1.84,3.0,2.0,-2.0,0.22119,0.1352844,0.23596,6.25416,7.434018,10.36001,16.0,7.0,6.0,Handbook,True,Yb2MnS4
Sc2MnSe4,Spinel,0,1,1.83,2.454679907,0,Sc,Sc,Mn,Mn,Se,Se,9,9,6,6,6,0.87,0.83,1.98,3.0,2.0,-2.0,0.1193833,0.1352844,0.2240328,6.56149,7.434018,9.752392,3.0,7.0,6.0,Handbook,True,Sc2MnSe4
Mn2SiSe4,Spinel,0,1,1.83,2.398470657,0,Mn,Mn,Si,Si,Se,Se,9,9,6,6,6,0.96,0.4,1.98,2.0,4.0,-2.0,0.1352844,0.178503,0.2240328,7.434018,8.151683,9.752392,7.0,4.0,6.0,Handbook,True,Mn2SiSe4
Yb2MnSe4,Spinel,0,1,1.83,2.17900415,0,Yb,Yb,Mn,Mn,Se,Se,9,9,6,6,6,1.042,0.83,1.98,3.0,2.0,-2.0,0.22119,0.1352844,0.2240328,6.25416,7.434018,9.752392,16.0,7.0,6.0,Handbook,True,Yb2MnSe4
Na2WO4,Spinel,0,1,1.83,1.761656345,1,Na,Na,W,W,O,O,9,9,6,6,6,1.24,0.6,1.4,1.0,6.0,-2.0,0.093214,0.2390504,0.304575,5.1390767,7.86403,13.618054,1.0,6.0,6.0,Handbook,True,Na2WO4
Ho2MgSe4,Spinel,0,1,1.83,2.109415091,0,Ho,Ho,Mg,Mg,Se,Se,9,9,6,6,6,1.072,0.72,1.98,3.0,2.0,-2.0,0.207795,0.121644,0.2240328,6.0215,7.646235,9.752392,13.0,2.0,6.0,Handbook,True,Ho2MgSe4
V2FeO4,Spinel,0,1,1.83,2.139876061,0,V,V,Fe,Fe,O,O,9,9,6,6,6,0.79,0.645,1.4,2.5,3.0,-2.0,0.1273344,0.1392532,0.304575,6.746187,7.9024678,13.618054,5.0,8.0,6.0,Handbook,True,V2FeO4
Fe2SiO4,Spinel,0,1,1.83,2.05986461,0,Fe,Fe,Si,Si,O,O,9,9,6,6,6,0.92,0.4,1.4,2.0,4.0,-2.0,0.1392532,0.178503,0.304575,7.9024678,8.151683,13.618054,8.0,4.0,6.0,Handbook,True,Fe2SiO4
Yb2CdSe4,Spinel,0,1,1.83,2.274891449,0,Yb,Yb,Cd,Cd,Se,Se,9,9,6,6,6,1.042,0.95,1.98,3.0,2.0,-2.0,0.22119,0.1504066,0.2240328,6.25416,8.993822,9.752392,16.0,12.0,6.0,Handbook,True,Yb2CdSe4
Lu2CdS4,Spinel,0,1,1.83,2.239103492,0,Lu,Lu,Cd,Cd,S,S,9,9,6,6,6,1.032,0.95,1.84,3.0,2.0,-2.0,0.22565,0.1504066,0.23596,5.425871,8.993822,10.36001,17.0,12.0,6.0,Handbook,True,Lu2CdS4
Sc2MnS4,Spinel,0,1,1.83,2.399074726,0,Sc,Sc,Mn,Mn,S,S,9,9,6,6,6,0.87,0.83,1.84,3.0,2.0,-2.0,0.1193833,0.1352844,0.23596,6.56149,7.434018,10.36001,3.0,7.0,6.0,Handbook,True,Sc2MnS4
Mn2VO4,Spinel,0,1,1.83,1.918656027,0,Mn,Mn,V,V,O,O,9,9,6,6,6,0.96,0.58,1.4,2.0,4.0,-2.0,0.1352844,0.1273344,0.304575,7.434018,6.746187,13.618054,7.0,5.0,6.0,Handbook,True,Mn2VO4
Lu2MgSe4,Spinel,0,1,1.83,2.14506199,0,Lu,Lu,Mg,Mg,Se,Se,9,9,6,6,6,1.032,0.72,1.98,3.0,2.0,-2.0,0.22565,0.121644,0.2240328,5.425871,7.646235,9.752392,17.0,2.0,6.0,Handbook,True,Lu2MgSe4
Zn2PtO4,Spinel,0,1,1.83,1.978916041,0,Zn,Zn,Pt,Pt,O,O,9,9,6,6,6,0.9,0.625,1.4,2.0,4.0,-2.0,0.1551518,0.25691,0.304575,9.394199,8.95883,13.618054,12.0,10.0,6.0,Handbook,True,Zn2PtO4
Mn2NiO4,Spinel,0,1,1.83,1.957825128,0,Mn,Mn,Ni,Ni,O,O,9,9,6,6,6,0.96,0.48,1.4,2.0,4.0,-2.0,0.1352844,0.1472068,0.304575,7.434018,7.639877,13.618054,7.0,10.0,6.0,Handbook,True,Mn2NiO4
Ni2SnO4,Spinel,0,1,1.83,2.424424623,0,Ni,Ni,Sn,Sn,O,O,9,9,6,6,6,0.69,0.69,1.4,2.0,4.0,-2.0,0.1472068,0.178052,0.304575,7.639877,7.343917,13.618054,10.0,4.0,6.0,Handbook,True,Ni2SnO4
Ni2SiO4,Spinel,0,1,1.83,2.206892546,0,Ni,Ni,Si,Si,O,O,9,9,6,6,6,0.69,0.4,1.4,2.0,4.0,-2.0,0.1472068,0.178503,0.304575,7.639877,8.151683,13.618054,10.0,4.0,6.0,Handbook,True,Ni2SiO4
Sc2FeS4,Spinel,0,1,1.83,2.33970029,0,Sc,Sc,Fe,Fe,S,S,9,9,6,6,6,0.87,0.78,1.84,3.0,2.0,-2.0,0.1193833,0.1392532,0.23596,6.56149,7.9024678,10.36001,3.0,8.0,6.0,Handbook,True,Sc2FeS4
Fe2SnS4,Spinel,0,1,1.83,2.195493162,0,Fe,Fe,Sn,Sn,S,S,9,9,6,6,6,0.92,0.69,1.84,2.0,4.0,-2.0,0.1392532,0.178052,0.23596,7.9024678,7.343917,10.36001,8.0,4.0,6.0,Handbook,True,Fe2SnS4
Yb2FeS4,Spinel,0,1,1.83,2.009115413,0,Yb,Yb,Fe,Fe,S,S,9,9,6,6,6,1.14,0.645,1.84,2.5,3.0,-2.0,0.22119,0.1392532,0.23596,6.25416,7.9024678,10.36001,16.0,8.0,6.0,Handbook,True,Yb2FeS4
Mg2GeO4,Spinel,0,1,1.83,1.979899052,0,Mg,Mg,Ge,Ge,O,O,9,9,6,6,6,0.89,0.53,1.4,2.0,4.0,-2.0,0.121644,0.1895892,0.304575,7.646235,7.899435,13.618054,2.0,4.0,6.0,Handbook,True,Mg2GeO4
Lu2MgS4,Spinel,0,1,1.83,2.085360102,0,Lu,Lu,Mg,Mg,S,S,9,9,6,6,6,1.032,0.72,1.84,3.0,2.0,-2.0,0.22565,0.121644,0.23596,5.425871,7.646235,10.36001,17.0,2.0,6.0,Handbook,True,Lu2MgS4
Cd2SnO4,Spinel,0,1,1.83,1.817895698,1,Cd,Cd,Sn,Sn,O,O,9,9,6,6,6,1.1,0.69,1.4,2.0,4.0,-2.0,0.1504066,0.178052,0.304575,8.993822,7.343917,13.618054,12.0,4.0,6.0,Handbook,True,Cd2SnO4
Ho2CdSe4,Spinel,0,1,1.83,2.229019368,0,Ho,Ho,Cd,Cd,Se,Se,9,9,6,6,6,1.072,0.95,1.98,3.0,2.0,-2.0,0.207795,0.1504066,0.2240328,6.0215,8.993822,9.752392,13.0,12.0,6.0,Handbook,True,Ho2CdSe4
Y2CdSe4,Spinel,0,1,1.83,2.224642192,0,Y,Y,Cd,Cd,Se,Se,9,9,6,6,6,1.075,0.95,1.98,3.0,2.0,-2.0,0.1216986,0.1504066,0.2240328,6.21726,8.993822,9.752392,3.0,12.0,6.0,Handbook,True,Y2CdSe4
Tm2CdSe4,Spinel,0,1,1.83,2.259164047,0,Tm,Tm,Cd,Cd,Se,Se,9,9,6,6,6,1.052,0.95,1.98,3.0,2.0,-2.0,0.2167244,0.1504066,0.2240328,6.18431,8.993822,9.752392,15.0,12.0,6.0,Handbook,True,Tm2CdSe4
Yb2CdS4,Spinel,0,1,1.83,2.222916687,0,Yb,Yb,Cd,Cd,S,S,9,9,6,6,6,1.042,0.95,1.84,3.0,2.0,-2.0,0.22119,0.1504066,0.23596,6.25416,8.993822,10.36001,16.0,12.0,6.0,Handbook,True,Yb2CdS4
Lu2CdSe4,Spinel,0,1,1.83,2.291078254,0,Lu,Lu,Cd,Cd,Se,Se,9,9,6,6,6,1.032,0.95,1.98,3.0,2.0,-2.0,0.22565,0.1504066,0.2240328,5.425871,8.993822,9.752392,17.0,12.0,6.0,Handbook,True,Lu2CdSe4
Yb2MgSe4,Spinel,0,1,1.83,2.135764217,0,Yb,Yb,Mg,Mg,Se,Se,9,9,6,6,6,1.042,0.72,1.98,3.0,2.0,-2.0,0.22119,0.121644,0.2240328,6.25416,7.646235,9.752392,16.0,2.0,6.0,Handbook,True,Yb2MgSe4
Y2MgSe4,Spinel,0,1,1.83,2.106900821,0,Y,Y,Mg,Mg,Se,Se,9,9,6,6,6,1.075,0.72,1.98,3.0,2.0,-2.0,0.1216986,0.121644,0.2240328,6.21726,7.646235,9.752392,3.0,2.0,6.0,Handbook,True,Y2MgSe4
Tm2MgSe4,Spinel,0,1,1.83,2.126730328,0,Tm,Tm,Mg,Mg,Se,Se,9,9,6,6,6,1.052,0.72,1.98,3.0,2.0,-2.0,0.2167244,0.121644,0.2240328,6.18431,7.646235,9.752392,15.0,2.0,6.0,Handbook,True,Tm2MgSe4
Tm2CdS4,Spinel,0,1,1.83,2.207189286,0,Tm,Tm,Cd,Cd,S,S,9,9,6,6,6,1.052,0.95,1.84,3.0,2.0,-2.0,0.2167244,0.1504066,0.23596,6.18431,8.993822,10.36001,15.0,12.0,6.0,Handbook,True,Tm2CdS4
Fe2GeO4,Spinel,0,1,1.83,1.957148292,0,Fe,Fe,Ge,Ge,O,O,9,9,6,6,6,0.92,0.53,1.4,2.0,4.0,-2.0,0.1392532,0.1895892,0.304575,7.9024678,7.899435,13.618054,8.0,4.0,6.0,Handbook,True,Fe2GeO4
Sc2MgSe4,Spinel,0,1,1.83,2.343211325,0,Sc,Sc,Mg,Mg,Se,Se,9,9,6,6,6,0.87,0.72,1.98,3.0,2.0,-2.0,0.1193833,0.121644,0.2240328,6.56149,7.646235,9.752392,3.0,2.0,6.0,Handbook,True,Sc2MgSe4
Ni2RhS4,Spinel,0,1,1.83,2.507333739,0,Ni,Ni,Rh,Rh,S,S,9,9,6,6,6,0.69,0.6,1.84,2.0,4.0,-2.0,0.1472068,0.1408379,0.23596,7.639877,7.4589,10.36001,10.0,9.0,6.0,Handbook,True,Ni2RhS4
Zn2PdO4,Spinel,0,1,1.83,1.975726325,0,Zn,Zn,Pd,Pd,O,O,9,9,6,6,6,0.9,0.615,1.4,2.0,4.0,-2.0,0.1551518,0.1440276,0.304575,9.394199,8.33686,13.618054,12.0,10.0,6.0,Handbook,True,Zn2PdO4
Mn2TiO4,Spinel,0,1,1.83,1.918362592,0,Mn,Mn,Ti,Ti,O,O,9,9,6,6,6,0.96,0.605,1.4,2.0,4.0,-2.0,0.1352844,0.1233637,0.304575,7.434018,6.82812,13.618054,7.0,4.0,6.0,Handbook,True,Mn2TiO4
Mn2TcO4,Spinel,0,1,1.83,1.924692173,0,Mn,Mn,Tc,Tc,O,O,9,9,6,6,6,0.96,0.645,1.4,2.0,4.0,-2.0,0.1352844,0.1344592,0.304575,7.434018,7.119381,13.618054,7.0,7.0,6.0,Handbook,True,Mn2TcO4
Sc2MgS4,Spinel,0,1,1.83,2.283509438,0,Sc,Sc,Mg,Mg,S,S,9,9,6,6,6,0.87,0.72,1.84,3.0,2.0,-2.0,0.1193833,0.121644,0.23596,6.56149,7.646235,10.36001,3.0,2.0,6.0,Handbook,True,Sc2MgS4
Lu2MnSe4,Spinel,0,1,1.83,2.191359928,0,Lu,Lu,Mn,Mn,Se,Se,9,9,6,6,6,1.032,0.83,1.98,3.0,2.0,-2.0,0.22565,0.1352844,0.2240328,5.425871,7.434018,9.752392,17.0,7.0,6.0,Handbook,True,Lu2MnSe4
Mg2PtO4,Spinel,0,1,1.83,1.989814072,0,Mg,Mg,Pt,Pt,O,O,9,9,6,6,6,0.89,0.625,1.4,2.0,4.0,-2.0,0.121644,0.25691,0.304575,7.646235,8.95883,13.618054,2.0,10.0,6.0,Handbook,True,Mg2PtO4
Mg2SnO4,Spinel,0,1,1.83,2.025485095,0,Mg,Mg,Sn,Sn,O,O,9,9,6,6,6,0.89,0.69,1.4,2.0,4.0,-2.0,0.121644,0.178052,0.304575,7.646235,7.343917,13.618054,2.0,4.0,6.0,Handbook,True,Mg2SnO4
Mg2TiO4,Spinel,0,1,1.83,1.983294481,0,Mg,Mg,Ti,Ti,O,O,9,9,6,6,6,0.89,0.605,1.4,2.0,4.0,-2.0,0.121644,0.1233637,0.304575,7.646235,6.82812,13.618054,2.0,4.0,6.0,Handbook,True,Mg2TiO4
Mn2ScO4,Spinel,0,1,1.83,1.973077869,0,Mn,Mn,Sc,Sc,O,O,9,9,6,6,6,0.96,0.745,1.4,2.5,3.0,-2.0,0.1352844,0.1193833,0.304575,7.434018,6.56149,13.618054,7.0,3.0,6.0,Handbook,True,Mn2ScO4
Yb2MgS4,Spinel,0,1,1.83,2.07606233,0,Yb,Yb,Mg,Mg,S,S,9,9,6,6,6,1.042,0.72,1.84,3.0,2.0,-2.0,0.22119,0.121644,0.23596,6.25416,7.646235,10.36001,16.0,2.0,6.0,Handbook,True,Yb2MgS4
Mg2TcO4,Spinel,0,1,1.83,1.998493933,0,Mg,Mg,Tc,Tc,O,O,9,9,6,6,6,0.89,0.645,1.4,2.0,4.0,-2.0,0.121644,0.1344592,0.304575,7.646235,7.119381,13.618054,2.0,7.0,6.0,Handbook,True,Mg2TcO4
Ni2FeS4,Spinel,0,1,1.83,2.56281621,0,Ni,Ni,Fe,Fe,S,S,9,9,6,6,6,0.69,0.645,1.84,2.5,3.0,-2.0,0.1472068,0.1392532,0.23596,7.639877,7.9024678,10.36001,10.0,8.0,6.0,Handbook,True,Ni2FeS4
Sc2ZnS4,Spinel,0,1,1.83,2.300337033,0,Sc,Sc,Zn,Zn,S,S,9,9,6,6,6,0.87,0.74,1.84,3.0,2.0,-2.0,0.1193833,0.1551518,0.23596,6.56149,9.394199,10.36001,3.0,12.0,6.0,Handbook,True,Sc2ZnS4
Zn2ZrO4,Spinel,0,1,1.83,2.034433378,0,Zn,Zn,Zr,Zr,O,O,9,9,6,6,6,0.9,0.72,1.4,2.0,4.0,-2.0,0.1551518,0.1248887,0.304575,9.394199,6.6339,13.618054,12.0,4.0,6.0,Handbook,True,Zn2ZrO4
Zn2TiO4,Spinel,0,1,1.83,1.973082764,0,Zn,Zn,Ti,Ti,O,O,9,9,6,6,6,0.9,0.605,1.4,2.0,4.0,-2.0,0.1551518,0.1233637,0.304575,9.394199,6.82812,13.618054,12.0,4.0,6.0,Handbook,True,Zn2TiO4
Ba2GeO4,Olivine,0,1,1.83,1.755264244,1,Ba,Ba,Ge,Ge,O,O,9,9,6,6,6,1.47,0.53,1.4,2.0,4.0,-2.0,0.1586786,0.1895892,0.304575,5.211664,7.899435,13.618054,2.0,4.0,6.0,Handbook,True,Ba2GeO4
Ca2GeS4,Olivine,0,1,1.83,2.064987349,0,Ca,Ca,Ge,Ge,S,S,9,9,6,6,6,1.18,0.53,1.84,2.0,4.0,-2.0,0.1154119,0.1895892,0.23596,6.1131552,7.899435,10.36001,2.0,4.0,6.0,Handbook,True,Ca2GeS4
Fe2GeSe4,Olivine,0,1,1.83,2.264710643,0,Fe,Fe,Ge,Ge,Se,Se,9,9,6,6,6,0.92,0.53,1.98,2.0,4.0,-2.0,0.1392532,0.1895892,0.2240328,7.9024678,7.899435,9.752392,8.0,4.0,6.0,Handbook,True,Fe2GeSe4
Mn2GeS4,Olivine,0,1,1.83,2.16804535,0,Mn,Mn,Ge,Ge,S,S,9,9,6,6,6,0.96,0.53,1.84,2.0,4.0,-2.0,0.1352844,0.1895892,0.23596,7.434018,7.899435,10.36001,7.0,4.0,6.0,Handbook,True,Mn2GeS4
Mn2GeSe4,Olivine,0,1,1.83,2.237630469,0,Mn,Mn,Ge,Ge,Se,Se,9,9,6,6,6,0.96,0.53,1.98,2.0,4.0,-2.0,0.1352844,0.1895892,0.2240328,7.434018,7.899435,9.752392,7.0,4.0,6.0,Handbook,True,Mn2GeSe4
LuNaSiO4,Olivine,0,1,1.83,1.99481203,0,Lu,Na,Si,Si,O,O,9,9,6,6,6,1.136,0.4,1.4,2.0,4.0,-2.0,0.159432,0.178503,0.304575,5.28247385,8.151683,13.618054,9.0,4.0,6.0,Handbook,True,LuNaSiO4
LiTmSiO4,Olivine,0,1,1.83,2.035404561,0,Li,Tm,Si,Si,O,O,9,9,6,6,6,0.986,0.4,1.4,2.0,4.0,-2.0,0.1609087,0.178503,0.304575,5.788012381,8.151683,13.618054,8.0,4.0,6.0,Handbook,True,LiTmSiO4
LiScSiO4,Olivine,0,1,1.83,2.070572771,0,Li,Sc,Si,Si,O,O,9,9,6,6,6,0.895,0.4,1.4,2.0,4.0,-2.0,0.11223815,0.178503,0.304575,5.976602381,8.151683,13.618054,2.0,4.0,6.0,Handbook,True,LiScSiO4
LiInSiO4,Olivine,0,1,1.83,2.05986461,0,Li,In,Si,Si,O,O,9,9,6,6,6,0.92,0.4,1.4,2.0,4.0,-2.0,0.1346615,0.178503,0.304575,5.589034981,8.151683,13.618054,2.0,4.0,6.0,Handbook,True,LiInSiO4
NaYbGeO4,Olivine,0,1,1.83,1.841036839,0,Na,Yb,Ge,Ge,O,O,9,9,6,6,6,1.141,0.53,1.4,2.0,4.0,-2.0,0.157202,0.1895892,0.304575,5.69661835,7.899435,13.618054,8.5,4.0,6.0,Handbook,True,NaYbGeO4
MgMnSiO4,Olivine,0,1,1.83,2.057826502,0,Mg,Mn,Si,Si,O,O,9,9,6,6,6,0.925,0.4,1.4,2.0,4.0,-2.0,0.1284642,0.178503,0.304575,7.5401265,8.151683,13.618054,4.5,4.0,6.0,Handbook,True,MgMnSiO4
NaYGeO4,Olivine,0,1,1.83,1.834929291,0,Na,Y,Ge,Ge,O,O,9,9,6,6,6,1.1575,0.53,1.4,2.0,4.0,-2.0,0.1074563,0.1895892,0.304575,5.67816835,7.899435,13.618054,2.0,4.0,6.0,Handbook,True,NaYGeO4
NaTbGeO4,Olivine,0,1,1.83,1.831353114,0,Na,Tb,Ge,Ge,O,O,9,9,6,6,6,1.1675,0.53,1.4,2.0,4.0,-2.0,0.1460385,0.1895892,0.304575,5.50143835,7.899435,13.618054,6.0,4.0,6.0,Handbook,True,NaTbGeO4
NaSmGeO4,Olivine,0,1,1.83,1.824974086,1,Na,Sm,Ge,Ge,O,O,9,9,6,6,6,1.186,0.53,1.4,2.0,4.0,-2.0,0.139341,0.1895892,0.304575,5.39139335,7.899435,13.618054,4.5,4.0,6.0,Handbook,True,NaSmGeO4
MnZnGeO4,Olivine,0,1,1.83,1.950049542,0,Mn,Zn,Ge,Ge,O,O,9,9,6,6,6,0.93,0.53,1.4,2.0,4.0,-2.0,0.1452181,0.1895892,0.304575,8.4141085,7.899435,13.618054,9.5,4.0,6.0,Handbook,True,MnZnGeO4
MnNiGeS4,Olivine,0,1,1.83,2.27595825,0,Mn,Ni,Ge,Ge,S,S,9,9,6,6,6,0.825,0.53,1.84,2.0,4.0,-2.0,0.1412456,0.1895892,0.23596,7.5369475,7.899435,10.36001,8.5,4.0,6.0,Handbook,True,MnNiGeS4
MgMnGeO4,Olivine,0,1,1.83,1.953570139,0,Mg,Mn,Ge,Ge,O,O,9,9,6,6,6,0.925,0.53,1.4,2.0,4.0,-2.0,0.1284642,0.1895892,0.304575,7.5401265,7.899435,13.618054,4.5,4.0,6.0,Handbook,True,MgMnGeO4
LuNaGeO4,Olivine,0,1,1.83,1.842940356,0,Lu,Na,Ge,Ge,O,O,9,9,6,6,6,1.136,0.53,1.4,2.0,4.0,-2.0,0.159432,0.1895892,0.304575,5.28247385,7.899435,13.618054,9.0,4.0,6.0,Handbook,True,LuNaGeO4
LiYGeO4,Olivine,0,1,1.83,1.907581895,0,Li,Y,Ge,Ge,O,O,9,9,6,6,6,0.9975,0.53,1.4,2.0,4.0,-2.0,0.1133958,0.1895892,0.304575,5.80448738,7.899435,13.618054,2.0,4.0,6.0,Handbook,True,LiYGeO4
NaTmGeO4,Olivine,0,1,1.83,1.839158182,0,Na,Tm,Ge,Ge,O,O,9,9,6,6,6,1.146,0.53,1.4,2.0,4.0,-2.0,0.1549692,0.1895892,0.304575,5.66169335,7.899435,13.618054,8.0,4.0,6.0,Handbook,True,NaTmGeO4
Ca2SiS4,Olivine,0,1,1.83,2.259670568,0,Ca,Ca,Si,Si,S,S,9,9,6,6,6,1.18,0.4,1.84,2.0,4.0,-2.0,0.1154119,0.178503,0.23596,6.1131552,8.151683,10.36001,2.0,4.0,6.0,Handbook,True,Ca2SiS4
Cr2BeO4,Olivine,0,1,1.83,2.299229805,0,Cr,Cr,Be,Be,O,O,9,9,6,6,6,0.615,0.45,1.4,3.0,2.0,-2.0,0.1313053,0.144986,0.304575,6.76651,9.322699,13.618054,6.0,2.0,6.0,Handbook,True,Cr2BeO4
Er2ZnS4,Olivine,0,1,1.83,2.062387832,0,Er,Er,Zn,Zn,S,S,9,9,6,6,6,1.062,0.74,1.84,3.0,2.0,-2.0,0.212261,0.1551518,0.23596,6.1077,9.394199,10.36001,14.0,12.0,6.0,Handbook,True,Er2ZnS4
Ca2SnS4,Olivine,0,1,1.83,1.974920769,0,Ca,Ca,Sn,Sn,S,S,9,9,6,6,6,1.18,0.69,1.84,2.0,4.0,-2.0,0.1154119,0.178052,0.23596,6.1131552,7.343917,10.36001,2.0,4.0,6.0,Handbook,True,Ca2SnS4
Cd2GeO4,Olivine,0,1,1.83,1.857420871,0,Cd,Cd,Ge,Ge,O,O,9,9,6,6,6,1.1,0.53,1.4,2.0,4.0,-2.0,0.1504066,0.1895892,0.304575,8.993822,7.899435,13.618054,12.0,4.0,6.0,Handbook,True,Cd2GeO4
FeMnSiO4,Olivine,0,1,1.83,2.051906104,0,Fe,Mn,Si,Si,O,O,9,9,6,6,6,0.94,0.4,1.4,2.0,4.0,-2.0,0.1372688,0.178503,0.304575,7.6682429,8.151683,13.618054,7.5,4.0,6.0,Handbook,True,FeMnSiO4
Mn2SiS4,Olivine,0,1,1.83,2.31837217,0,Mn,Mn,Si,Si,S,S,9,9,6,6,6,0.96,0.4,1.84,2.0,4.0,-2.0,0.1352844,0.178503,0.23596,7.434018,8.151683,10.36001,7.0,4.0,6.0,Handbook,True,Mn2SiS4
Mg2GeS4,Olivine,0,1,1.83,2.217876284,0,Mg,Mg,Ge,Ge,S,S,9,9,6,6,6,0.89,0.53,1.84,2.0,4.0,-2.0,0.121644,0.1895892,0.23596,7.646235,7.899435,10.36001,2.0,4.0,6.0,Handbook,True,Mg2GeS4
Fe2SiS4,Olivine,0,1,1.83,2.333796976,0,Fe,Fe,Si,Si,S,S,9,9,6,6,6,0.92,0.4,1.84,2.0,4.0,-2.0,0.1392532,0.178503,0.23596,7.9024678,8.151683,10.36001,8.0,4.0,6.0,Handbook,True,Fe2SiS4
CaYbInSe4,Olivine,0,1,1.83,2.091716968,0,Ca,Yb,In,In,Se,Se,9,9,6,6,6,1.111,0.8,1.98,2.5,3.0,-2.0,0.16830095,0.16423,0.2240328,6.1836576,5.7863552,9.752392,9.0,3.0,6.0,Handbook,True,CaYbInSe4
MnNaAsO4,Olivine,0,1,1.83,1.919432785,0,Mn,Na,As,As,O,O,9,9,6,6,6,1.1,0.46,1.4,1.5,5.0,-2.0,0.1142492,0.2068208,0.304575,6.28654735,9.789,13.618054,4.0,5.0,6.0,Handbook,True,MnNaAsO4
Mn2GeO4,Olivine,0,1,1.83,1.930068118,0,Mn,Mn,Ge,Ge,O,O,9,9,6,6,6,0.96,0.53,1.4,2.0,4.0,-2.0,0.1352844,0.1895892,0.304575,7.434018,7.899435,13.618054,7.0,4.0,6.0,Handbook,True,Mn2GeO4
MnScGaS4,Olivine,0,1,1.83,2.181849374,0,Mn,Sc,Ga,Ga,S,S,9,9,6,6,6,0.915,0.62,1.84,2.5,3.0,-2.0,0.12733385,0.1723773,0.23596,6.997754,5.9993018,10.36001,5.0,3.0,6.0,Handbook,True,MnScGaS4
LiMnAsO4,Olivine,0,1,1.83,1.984031627,0,Li,Mn,As,As,O,O,9,9,6,6,6,0.94,0.46,1.4,1.5,5.0,-2.0,0.1201887,0.2068208,0.304575,6.412866381,9.789,13.618054,4.0,5.0,6.0,Handbook,True,LiMnAsO4
LiScGeO4,Olivine,0,1,1.83,1.975947808,0,Li,Sc,Ge,Ge,O,O,9,9,6,6,6,0.895,0.53,1.4,2.0,4.0,-2.0,0.11223815,0.1895892,0.304575,5.976602381,7.899435,13.618054,2.0,4.0,6.0,Handbook,True,LiScGeO4
LiInGeO4,Olivine,0,1,1.83,1.957148292,0,Li,In,Ge,Ge,O,O,9,9,6,6,6,0.92,0.53,1.4,2.0,4.0,-2.0,0.1346615,0.1895892,0.304575,5.589034981,7.899435,13.618054,2.0,4.0,6.0,Handbook,True,LiInGeO4
HoNaGeO4,Olivine,0,1,1.83,1.835473737,0,Ho,Na,Ge,Ge,O,O,9,9,6,6,6,1.156,0.53,1.4,2.0,4.0,-2.0,0.1505045,0.1895892,0.304575,5.58028835,7.899435,13.618054,7.0,4.0,6.0,Handbook,True,HoNaGeO4
GdNaGeO4,Olivine,0,1,1.83,1.829251154,1,Gd,Na,Ge,Ge,O,O,9,9,6,6,6,1.1735,0.53,1.4,2.0,4.0,-2.0,0.143807,0.1895892,0.304575,5.64443635,7.899435,13.618054,5.5,4.0,6.0,Handbook,True,GdNaGeO4
CdNaAsO4,Olivine,0,1,1.83,1.899133419,0,Cd,Na,As,As,O,O,9,9,6,6,6,1.17,0.46,1.4,1.5,5.0,-2.0,0.1218103,0.2068208,0.304575,7.06644935,9.789,13.618054,6.5,5.0,6.0,Handbook,True,CdNaAsO4
Mg2SiO4,Olivine,0,1,1.83,2.072823391,0,Mg,Mg,Si,Si,O,O,9,9,6,6,6,0.89,0.4,1.4,2.0,4.0,-2.0,0.121644,0.178503,0.304575,7.646235,8.151683,13.618054,2.0,4.0,6.0,Handbook,True,Mg2SiO4
FeMnGeO4,Olivine,0,1,1.83,1.94317614,0,Fe,Mn,Ge,Ge,O,O,9,9,6,6,6,0.94,0.53,1.4,2.0,4.0,-2.0,0.1372688,0.1895892,0.304575,7.6682429,7.899435,13.618054,7.5,4.0,6.0,Handbook,True,FeMnGeO4
EuNaGeO4,Olivine,0,1,1.83,1.827010117,1,Eu,Na,Ge,Ge,O,O,9,9,6,6,6,1.18,0.53,1.4,2.0,4.0,-2.0,0.1415745,0.1895892,0.304575,5.40473085,7.899435,13.618054,5.0,4.0,6.0,Handbook,True,EuNaGeO4
ErNaGeO4,Olivine,0,1,1.83,1.837303956,0,Er,Na,Ge,Ge,O,O,9,9,6,6,6,1.151,0.53,1.4,2.0,4.0,-2.0,0.1527375,0.1895892,0.304575,5.62338835,7.899435,13.618054,7.5,4.0,6.0,Handbook,True,ErNaGeO4
CoMnGeS4,Olivine,0,1,1.83,2.188026774,0,Co,Mn,Ge,Ge,S,S,9,9,6,6,6,0.93,0.53,1.84,2.0,4.0,-2.0,0.13926035,0.1895892,0.23596,7.657514,7.899435,10.36001,8.0,4.0,6.0,Handbook,True,CoMnGeS4
CoMnGeO4,Olivine,0,1,1.83,1.950049542,0,Co,Mn,Ge,Ge,O,O,9,9,6,6,6,0.93,0.53,1.4,2.0,4.0,-2.0,0.13926035,0.1895892,0.304575,7.657514,7.899435,13.618054,8.0,4.0,6.0,Handbook,True,CoMnGeO4
CaMnSiO4,Olivine,0,1,1.83,2.01057889,0,Ca,Mn,Si,Si,O,O,9,9,6,6,6,1.07,0.4,1.4,2.0,4.0,-2.0,0.12534815,0.178503,0.304575,6.7735866,8.151683,13.618054,4.5,4.0,6.0,Handbook,True,CaMnSiO4
CaMgSiO4,Olivine,0,1,1.83,2.020190405,0,Ca,Mg,Si,Si,O,O,9,9,6,6,6,1.035,0.4,1.4,2.0,4.0,-2.0,0.11852795,0.178503,0.304575,6.8796951,8.151683,13.618054,2.0,4.0,6.0,Handbook,True,CaMgSiO4
CaYbInS4,Olivine,0,1,1.83,2.035078784,0,Ca,Yb,In,In,S,S,9,9,6,6,6,1.111,0.8,1.84,2.5,3.0,-2.0,0.16830095,0.16423,0.23596,6.1836576,5.7863552,10.36001,9.0,3.0,6.0,Handbook,True,CaYbInS4
CaYGaO4,Olivine,0,1,1.83,1.805063829,1,Ca,Y,Ga,Ga,O,O,9,9,6,6,6,1.1275,0.62,1.4,2.5,3.0,-2.0,0.11855525,0.1723773,0.304575,6.1652076,5.9993018,13.618054,2.5,3.0,6.0,Handbook,True,CaYGaO4
CaLaGaO4,Olivine,0,1,1.83,1.770522256,1,Ca,La,Ga,Ga,O,O,9,9,6,6,6,1.198,0.62,1.4,2.5,3.0,-2.0,0.13927695,0.1723773,0.304575,5.8450276,5.9993018,13.618054,2.5,3.0,6.0,Handbook,True,CaLaGaO4
CaNaAsO4,Olivine,0,1,1.83,1.889082399,0,Ca,Na,As,As,O,O,9,9,6,6,6,1.21,0.46,1.4,1.5,5.0,-2.0,0.10431295,0.2068208,0.304575,5.62611595,9.789,13.618054,1.5,5.0,6.0,Handbook,True,CaNaAsO4
Mn2SiO4,Olivine,0,1,1.83,2.044439804,0,Mn,Mn,Si,Si,O,O,9,9,6,6,6,0.96,0.4,1.4,2.0,4.0,-2.0,0.1352844,0.178503,0.304575,7.434018,8.151683,13.618054,7.0,4.0,6.0,Handbook,True,Mn2SiO4
Lu2ZnS4,Olivine,0,1,1.83,2.091026508,0,Lu,Lu,Zn,Zn,S,S,9,9,6,6,6,1.032,0.74,1.84,3.0,2.0,-2.0,0.22565,0.1551518,0.23596,5.425871,9.394199,10.36001,17.0,12.0,6.0,Handbook,True,Lu2ZnS4
Yb2ZnS4,Olivine,0,1,1.83,2.081205019,0,Yb,Yb,Zn,Zn,S,S,9,9,6,6,6,1.042,0.74,1.84,3.0,2.0,-2.0,0.22119,0.1551518,0.23596,6.25416,9.394199,10.36001,16.0,12.0,6.0,Handbook,True,Yb2ZnS4
Tm2ZnS4,Olivine,0,1,1.83,2.071662276,0,Tm,Tm,Zn,Zn,S,S,9,9,6,6,6,1.052,0.74,1.84,3.0,2.0,-2.0,0.2167244,0.1551518,0.23596,6.18431,9.394199,10.36001,15.0,12.0,6.0,Handbook,True,Tm2ZnS4
LiMgAsO4,Olivine,0,1,1.83,2.002912724,0,Li,Mg,As,As,O,O,9,9,6,6,6,0.905,0.46,1.4,1.5,5.0,-2.0,0.1133685,0.2068208,0.304575,6.518974881,9.789,13.618054,1.5,5.0,6.0,Handbook,True,LiMgAsO4
Fe2GeS4,Olivine,0,1,1.83,2.195125524,0,Fe,Fe,Ge,Ge,S,S,9,9,6,6,6,0.92,0.53,1.84,2.0,4.0,-2.0,0.1392532,0.1895892,0.23596,7.9024678,7.899435,10.36001,8.0,4.0,6.0,Handbook,True,Fe2GeS4
Cs2CrO4,K2SO4,0,1,1.83,1.844868566,0,Cs,Cs,Cr,Cr,O,O,9,9,6,6,6,1.78,0.44,1.4,1.0,6.0,-2.0,0.1542125,0.1313053,0.304575,3.893905548,6.76651,13.618054,1.0,6.0,6.0,Handbook,True,Cs2CrO4
Ba2CrO4,K2SO4,0,1,1.83,1.735436038,1,Ba,Ba,Cr,Cr,O,O,9,9,6,6,6,1.47,0.55,1.4,2.0,4.0,-2.0,0.1586786,0.1313053,0.304575,5.211664,6.76651,13.618054,2.0,6.0,6.0,Handbook,True,Ba2CrO4
Ba2TiS4,K2SO4,0,1,1.83,1.913324177,0,Ba,Ba,Ti,Ti,S,S,9,9,6,6,6,1.47,0.605,1.84,2.0,4.0,-2.0,0.1586786,0.1233637,0.23596,5.211664,6.82812,10.36001,2.0,4.0,6.0,Handbook,True,Ba2TiS4
Ba2SiS4,K2SO4,0,1,1.83,2.218804282,0,Ba,Ba,Si,Si,S,S,9,9,6,6,6,1.47,0.4,1.84,2.0,4.0,-2.0,0.1586786,0.178503,0.23596,5.211664,8.151683,10.36001,2.0,4.0,6.0,Handbook,True,Ba2SiS4
Ba2SiO4,K2SO4,0,1,1.83,1.944871916,0,Ba,Ba,Si,Si,O,O,9,9,6,6,6,1.47,0.4,1.4,2.0,4.0,-2.0,0.1586786,0.178503,0.304575,5.211664,8.151683,13.618054,2.0,4.0,6.0,Handbook,True,Ba2SiO4
Ba2GeS4,K2SO4,0,1,1.83,1.993241476,0,Ba,Ba,Ge,Ge,S,S,9,9,6,6,6,1.47,0.53,1.84,2.0,4.0,-2.0,0.1586786,0.1895892,0.23596,5.211664,7.899435,10.36001,2.0,4.0,6.0,Handbook,True,Ba2GeS4
Ba2TiO4,K2SO4,0,1,1.83,1.690585489,1,Ba,Ba,Ti,Ti,O,O,9,9,6,6,6,1.47,0.605,1.4,2.0,4.0,-2.0,0.1586786,0.1233637,0.304575,5.211664,6.82812,13.618054,2.0,4.0,6.0,Handbook,True,Ba2TiO4
Cs2WSe4,K2SO4,0,1,1.83,1.93021223,0,Cs,Cs,W,W,Se,Se,9,9,6,6,6,1.78,0.6,1.98,1.0,6.0,-2.0,0.1542125,0.2390504,0.2240328,3.893905548,7.86403,9.752392,1.0,6.0,6.0,Handbook,True,Cs2WSe4
Sr2SiO4,K2SO4,0,1,1.83,1.964063353,0,Sr,Sr,Si,Si,O,O,9,9,6,6,6,1.31,0.4,1.4,2.0,4.0,-2.0,0.1185082,0.178503,0.304575,5.6948672,8.151683,13.618054,2.0,4.0,6.0,Handbook,True,Sr2SiO4
K2WSe4,K2SO4,0,1,1.83,1.966434125,0,K,K,W,W,Se,Se,9,9,6,6,6,1.55,0.6,1.98,1.0,6.0,-2.0,0.0981896,0.2390504,0.2240328,4.34066354,7.86403,9.752392,1.0,6.0,6.0,Handbook,True,K2WSe4
K2MoS4,K2SO4,0,1,1.83,1.910859048,0,K,K,Mo,Mo,S,S,9,9,6,6,6,1.55,0.59,1.84,1.0,6.0,-2.0,0.0981896,0.1312672,0.23596,4.34066354,7.09243,10.36001,1.0,6.0,6.0,Handbook,True,K2MoS4
NaSrVO4,K2SO4,0,1,1.83,1.789530134,1,Na,Sr,V,V,O,O,9,9,6,6,6,1.275,0.54,1.4,1.5,5.0,-2.0,0.1058611,0.1273344,0.304575,5.41697195,6.746187,13.618054,1.5,5.0,6.0,Handbook,True,NaSrVO4
Cs2WS4,K2SO4,0,1,1.83,1.864812089,0,Cs,Cs,W,W,S,S,9,9,6,6,6,1.78,0.6,1.84,1.0,6.0,-2.0,0.1542125,0.2390504,0.23596,3.893905548,7.86403,10.36001,1.0,6.0,6.0,Handbook,True,Cs2WS4
K2CrO4,K2SO4,0,1,1.83,1.864347896,0,K,K,Cr,Cr,O,O,9,9,6,6,6,1.55,0.44,1.4,1.0,6.0,-2.0,0.0981896,0.1313053,0.304575,4.34066354,6.76651,13.618054,1.0,6.0,6.0,Handbook,True,K2CrO4
Eu2SiO4,K2SO4,0,1,1.83,1.96550325,0,Eu,Eu,Si,Si,O,O,9,9,6,6,6,1.3,0.4,1.4,2.0,4.0,-2.0,0.189935,0.178503,0.304575,5.670385,8.151683,13.618054,9.0,4.0,6.0,Handbook,True,Eu2SiO4
Rb2MoSe4,K2SO4,0,1,1.83,1.962937711,0,Rb,Rb,Mo,Mo,Se,Se,9,9,6,6,6,1.63,0.59,1.98,1.0,6.0,-2.0,0.104686,0.1312672,0.2240328,4.177128,7.09243,9.752392,1.0,6.0,6.0,Handbook,True,Rb2MoSe4
Rb2MoS4,K2SO4,0,1,1.83,1.89698566,0,Rb,Rb,Mo,Mo,S,S,9,9,6,6,6,1.63,0.59,1.84,1.0,6.0,-2.0,0.104686,0.1312672,0.23596,4.177128,7.09243,10.36001,1.0,6.0,6.0,Handbook,True,Rb2MoS4
Rb2CrO4,K2SO4,0,1,1.83,1.856632045,0,Rb,Rb,Cr,Cr,O,O,9,9,6,6,6,1.63,0.44,1.4,1.0,6.0,-2.0,0.104686,0.1313053,0.304575,4.177128,6.76651,13.618054,1.0,6.0,6.0,Handbook,True,Rb2CrO4
NaSrAsO4,K2SO4,0,1,1.83,1.874722073,0,Na,Sr,As,As,O,O,9,9,6,6,6,1.275,0.46,1.4,1.5,5.0,-2.0,0.1058611,0.2068208,0.304575,5.41697195,9.789,13.618054,1.5,5.0,6.0,Handbook,True,NaSrAsO4
RbBaVO4,K2SO4,0,1,1.83,1.731526541,1,Rb,Ba,V,V,O,O,9,9,6,6,6,1.55,0.54,1.4,1.5,5.0,-2.0,0.1316823,0.1273344,0.304575,4.694396,6.746187,13.618054,1.5,5.0,6.0,Handbook,True,RbBaVO4
K2WS4,K2SO4,0,1,1.83,1.901033984,0,K,K,W,W,S,S,9,9,6,6,6,1.55,0.6,1.84,1.0,6.0,-2.0,0.0981896,0.2390504,0.23596,4.34066354,7.86403,10.36001,1.0,6.0,6.0,Handbook,True,K2WS4
Cs2MoSe4,K2SO4,0,1,1.83,1.941786538,0,Cs,Cs,Mo,Mo,Se,Se,9,9,6,6,6,1.78,0.59,1.98,1.0,6.0,-2.0,0.1542125,0.1312672,0.2240328,3.893905548,7.09243,9.752392,1.0,6.0,6.0,Handbook,True,Cs2MoSe4
Ba2VO4,K2SO4,0,1,1.83,1.709314541,1,Ba,Ba,V,V,O,O,9,9,6,6,6,1.47,0.58,1.4,2.0,4.0,-2.0,0.1586786,0.1273344,0.304575,5.211664,6.746187,13.618054,2.0,5.0,6.0,Handbook,True,Ba2VO4
KCaVO4,K2SO4,0,1,1.83,1.76665581,1,K,Ca,V,V,O,O,9,9,6,6,6,1.365,0.54,1.4,1.5,5.0,-2.0,0.10680075,0.1273344,0.304575,5.22690937,6.746187,13.618054,1.5,5.0,6.0,Handbook,True,KCaVO4
KSrAsO4,K2SO4,0,1,1.83,1.848033695,0,K,Sr,As,As,O,O,9,9,6,6,6,1.43,0.46,1.4,1.5,5.0,-2.0,0.1083489,0.2068208,0.304575,5.01776537,9.789,13.618054,1.5,5.0,6.0,Handbook,True,KSrAsO4
Cs2MoS4,K2SO4,0,1,1.83,1.875834487,0,Cs,Cs,Mo,Mo,S,S,9,9,6,6,6,1.78,0.59,1.84,1.0,6.0,-2.0,0.1542125,0.1312672,0.23596,3.893905548,7.09243,10.36001,1.0,6.0,6.0,Handbook,True,Cs2MoS4
KCaAsO4,K2SO4,0,1,1.83,1.858123283,0,K,Ca,As,As,O,O,9,9,6,6,6,1.365,0.46,1.4,1.5,5.0,-2.0,0.10680075,0.2068208,0.304575,5.22690937,9.789,13.618054,1.5,5.0,6.0,Handbook,True,KCaAsO4
NaBaAsO4,K2SO4,0,1,1.83,1.859805727,0,Na,Ba,As,As,O,O,9,9,6,6,6,1.355,0.46,1.4,1.5,5.0,-2.0,0.1259463,0.2068208,0.304575,5.17537035,9.789,13.618054,1.5,5.0,6.0,Handbook,True,NaBaAsO4
NaBaVO4,K2SO4,0,1,1.83,1.768974339,1,Na,Ba,V,V,O,O,9,9,6,6,6,1.355,0.54,1.4,1.5,5.0,-2.0,0.1259463,0.1273344,0.304575,5.17537035,6.746187,13.618054,1.5,5.0,6.0,Handbook,True,NaBaVO4
Rb2WSe4,K2SO4,0,1,1.83,1.952086467,0,Rb,Rb,W,W,Se,Se,9,9,6,6,6,1.63,0.6,1.98,1.0,6.0,-2.0,0.104686,0.2390504,0.2240328,4.177128,7.86403,9.752392,1.0,6.0,6.0,Handbook,True,Rb2WSe4
Rb2WS4,K2SO4,0,1,1.83,1.886686327,0,Rb,Rb,W,W,S,S,9,9,6,6,6,1.63,0.6,1.84,1.0,6.0,-2.0,0.104686,0.2390504,0.23596,4.177128,7.86403,10.36001,1.0,6.0,6.0,Handbook,True,Rb2WS4
Sr2NiO2Cl2,high-Tc,0,1,1.83,1.802582839,1,Sr,Sr,Ni,Ni,O,Cl,9,9,6,6,6,1.31,0.69,1.605,2.0,2.0,-1.5,0.1185082,0.1472068,0.284189,5.6948672,7.639877,13.292842,2.0,10.0,6.5,Handbook,True,Sr2NiO2Cl2
EuPrCuO4,high-Tc,0,1,1.83,1.788149109,1,Eu,Pr,Cu,Cu,O,O,9,9,6,6,6,1.1495,0.73,1.4,3.0,2.0,-2.0,0.1810075,0.1511716,0.304575,5.5716925,7.72638,13.618054,7.0,11.0,6.0,Handbook,True,EuPrCuO4
SmPrCuO4,high-Tc,0,1,1.83,1.78397167,1,Sm,Pr,Cu,Cu,O,O,9,9,6,6,6,1.1555,0.73,1.4,3.0,2.0,-2.0,0.178774,0.1511716,0.304575,5.558355,7.72638,13.618054,6.5,11.0,6.0,Handbook,True,SmPrCuO4
SmGdCuO4,high-Tc,0,1,1.83,1.810053709,1,Sm,Gd,Cu,Cu,O,O,9,9,6,6,6,1.1195,0.73,1.4,3.0,2.0,-2.0,0.189934,0.1511716,0.304575,5.896753,7.72638,13.618054,9.0,11.0,6.0,Handbook,True,SmGdCuO4
PrGdCuO4,high-Tc,0,1,1.83,1.792749111,1,Pr,Gd,Cu,Cu,O,O,9,9,6,6,6,1.143,0.73,1.4,3.0,2.0,-2.0,0.18324,0.1511716,0.304575,5.811398,7.72638,13.618054,7.5,11.0,6.0,Handbook,True,PrGdCuO4
Eu2CuO4,high-Tc,0,1,1.83,1.809674147,1,Eu,Eu,Cu,Cu,O,O,9,9,6,6,6,1.12,0.73,1.4,3.0,2.0,-2.0,0.189935,0.1511716,0.304575,5.670385,7.72638,13.618054,9.0,11.0,6.0,Handbook,True,Eu2CuO4
NdGaCuO4,high-Tc,0,1,1.83,2.05535608,0,Nd,Ga,Cu,Cu,O,O,9,9,6,6,6,0.8915,0.73,1.4,3.0,2.0,-2.0,0.17445815,0.1511716,0.304575,5.7621509,7.72638,13.618054,4.5,11.0,6.0,Handbook,True,NdGaCuO4
EuNdCuO4,high-Tc,0,1,1.83,1.793821824,1,Eu,Nd,Cu,Cu,O,O,9,9,6,6,6,1.1415,0.73,1.4,3.0,2.0,-2.0,0.183237,0.1511716,0.304575,5.5976925,7.72638,13.618054,7.5,11.0,6.0,Handbook,True,EuNdCuO4
EuGdCuO4,high-Tc,0,1,1.83,1.814648408,1,Eu,Gd,Cu,Cu,O,O,9,9,6,6,6,1.1135,0.73,1.4,3.0,2.0,-2.0,0.1921675,0.1511716,0.304575,5.9100905,7.72638,13.618054,9.5,11.0,6.0,Handbook,True,EuGdCuO4
Ho2CuO4,high-Tc,0,1,1.83,1.848569874,0,Ho,Ho,Cu,Cu,O,O,9,9,6,6,6,1.072,0.73,1.4,3.0,2.0,-2.0,0.207795,0.1511716,0.304575,6.0215,7.72638,13.618054,13.0,11.0,6.0,Handbook,True,Ho2CuO4
In2CuO4,high-Tc,0,1,1.83,2.01445728,0,In,In,Cu,Cu,O,O,9,9,6,6,6,0.92,0.73,1.4,3.0,2.0,-2.0,0.16423,0.1511716,0.304575,5.7863552,7.72638,13.618054,3.0,11.0,6.0,Handbook,True,In2CuO4
Sm2CuO4,high-Tc,0,1,1.83,1.800715004,1,Sm,Sm,Cu,Cu,O,O,9,9,6,6,6,1.132,0.73,1.4,3.0,2.0,-2.0,0.185468,0.1511716,0.304575,5.64371,7.72638,13.618054,8.0,11.0,6.0,Handbook,True,Sm2CuO4
Tm2CuO4,high-Tc,0,1,1.83,1.86636943,0,Tm,Tm,Cu,Cu,O,O,9,9,6,6,6,1.052,0.73,1.4,3.0,2.0,-2.0,0.2167244,0.1511716,0.304575,6.18431,7.72638,13.618054,15.0,11.0,6.0,Handbook,True,Tm2CuO4
Y2CuO4,high-Tc,0,1,1.83,1.845985278,0,Y,Y,Cu,Cu,O,O,9,9,6,6,6,1.075,0.73,1.4,3.0,2.0,-2.0,0.1216986,0.1511716,0.304575,6.21726,7.72638,13.618054,3.0,11.0,6.0,Handbook,True,Y2CuO4
Gd2PdO4,high-Tc,0,1,1.83,1.879428467,0,Gd,Gd,Pd,Pd,O,O,9,9,6,6,6,1.107,0.86,1.4,3.0,2.0,-2.0,0.1944,0.1440276,0.304575,6.149796,8.33686,13.618054,10.0,10.0,6.0,Handbook,True,Gd2PdO4
Gd2CuO4,high-Tc,0,1,1.83,1.819710548,1,Gd,Gd,Cu,Cu,O,O,9,9,6,6,6,1.107,0.73,1.4,3.0,2.0,-2.0,0.1944,0.1511716,0.304575,6.149796,7.72638,13.618054,10.0,11.0,6.0,Handbook,True,Gd2CuO4
La2PdO4,high-Tc,0,1,1.83,1.77607853,1,La,La,Pd,Pd,O,O,9,9,6,6,6,1.216,0.86,1.4,3.0,2.0,-2.0,0.163142,0.1440276,0.304575,5.5769,8.33686,13.618054,3.0,10.0,6.0,Handbook,True,La2PdO4
Nd2PdO4,high-Tc,0,1,1.83,1.822705869,1,Nd,Nd,Pd,Pd,O,O,9,9,6,6,6,1.163,0.86,1.4,3.0,2.0,-2.0,0.176539,0.1440276,0.304575,5.525,8.33686,13.618054,6.0,10.0,6.0,Handbook,True,Nd2PdO4
Sm2PdO4,high-Tc,0,1,1.83,1.853064977,0,Sm,Sm,Pd,Pd,O,O,9,9,6,6,6,1.132,0.86,1.4,3.0,2.0,-2.0,0.185468,0.1440276,0.304575,5.64371,8.33686,13.618054,8.0,10.0,6.0,Handbook,True,Sm2PdO4
Lu2CaO4,CaV2O4,0,1,1.83,2.122161933,0,Lu,Lu,Ca,Ca,O,O,9,9,6,6,6,1.032,1.0,1.4,3.0,2.0,-2.0,0.22565,0.1154119,0.304575,5.425871,6.1131552,13.618054,17.0,2.0,6.0,Handbook,True,Lu2CaO4
Sc2MgO4,CaV2O4,0,1,1.83,2.079332307,0,Sc,Sc,Mg,Mg,O,O,9,9,6,6,6,0.87,0.72,1.4,3.0,2.0,-2.0,0.1193833,0.121644,0.304575,6.56149,7.646235,13.618054,3.0,2.0,6.0,Handbook,True,Sc2MgO4
Yb2CaO4,CaV2O4,0,1,1.83,2.104226416,0,Yb,Yb,Ca,Ca,O,O,9,9,6,6,6,1.042,1.0,1.4,3.0,2.0,-2.0,0.22119,0.1154119,0.304575,6.25416,6.1131552,13.618054,16.0,2.0,6.0,Handbook,True,Yb2CaO4
Cs2AgF4,RP,1,1,1.72,1.468371938,1,Cs,Cs,Ag,Ag,F,F,9,9,6,6,6,1.78,0.94,1.33,1.0,2.0,-1.0,0.1542125,0.1472165,0.344443,3.893905548,7.576234,17.42282,1.0,11.0,7.0,Handbook,True,Cs2AgF4
Cs2YbCl4,RP,1,1,1.72,1.66047491,1,Cs,Cs,Yb,Yb,Cl,Cl,9,9,6,6,6,1.78,1.02,1.81,1.0,2.0,-1.0,0.1542125,0.22119,0.263803,3.893905548,6.25416,12.96763,1.0,16.0,7.0,Handbook,True,Cs2YbCl4
Rb2ZnF4,RP,1,1,1.72,1.546738029,1,Rb,Rb,Zn,Zn,F,F,9,9,6,6,6,1.63,0.74,1.33,1.0,2.0,-1.0,0.104686,0.1551518,0.344443,4.177128,9.394199,17.42282,1.0,12.0,7.0,Handbook,True,Rb2ZnF4
Rb2NiF4,RP,1,1,1.72,1.567551184,1,Rb,Rb,Ni,Ni,F,F,9,9,6,6,6,1.63,0.69,1.33,1.0,2.0,-1.0,0.104686,0.1472068,0.344443,4.177128,7.639877,17.42282,1.0,10.0,7.0,Handbook,True,Rb2NiF4
Rb2MnF4,RP,1,1,1.72,1.525150338,1,Rb,Rb,Mn,Mn,F,F,9,9,6,6,6,1.63,0.83,1.33,1.0,2.0,-1.0,0.104686,0.1352844,0.344443,4.177128,7.434018,17.42282,1.0,7.0,7.0,Handbook,True,Rb2MnF4
Rb2MnBr2Cl2,RP,1,1,1.72,1.766298864,0,Rb,Rb,Mn,Mn,Br,Cl,9,9,6,6,6,1.63,0.83,1.885,1.0,2.0,-1.0,0.104686,0.1352844,0.2525304,4.177128,7.434018,12.39072,1.0,7.0,7.0,Handbook,True,Rb2MnBr2Cl2
Cs2CdCl4,RP,1,1,1.72,1.665156788,1,Cs,Cs,Cd,Cd,Cl,Cl,9,9,6,6,6,1.78,0.95,1.81,1.0,2.0,-1.0,0.1542125,0.1504066,0.263803,3.893905548,8.993822,12.96763,1.0,12.0,7.0,Handbook,True,Cs2CdCl4
Rb2CdCl4,RP,1,1,1.72,1.719994287,1,Rb,Rb,Cd,Cd,Cl,Cl,9,9,6,6,6,1.63,0.95,1.81,1.0,2.0,-1.0,0.104686,0.1504066,0.263803,4.177128,8.993822,12.96763,1.0,12.0,7.0,Handbook,True,Rb2CdCl4
Cs2CrCl4,RP,1,1,1.72,1.706155593,1,Cs,Cs,Cr,Cr,Cl,Cl,9,9,6,6,6,1.78,0.8,1.81,1.0,2.0,-1.0,0.1542125,0.1313053,0.263803,3.893905548,6.76651,12.96763,1.0,6.0,7.0,Handbook,True,Cs2CrCl4
Cs2TmCl4,RP,1,1,1.72,1.66046274,1,Cs,Cs,Tm,Tm,Cl,Cl,9,9,6,6,6,1.78,1.03,1.81,1.0,2.0,-1.0,0.1542125,0.2167244,0.263803,3.893905548,6.18431,12.96763,1.0,15.0,7.0,Handbook,True,Cs2TmCl4
K2ZnF4,RP,1,1,1.72,1.568562411,1,K,K,Zn,Zn,F,F,9,9,6,6,6,1.55,0.74,1.33,1.0,2.0,-1.0,0.0981896,0.1551518,0.344443,4.34066354,9.394199,17.42282,1.0,12.0,7.0,Handbook,True,K2ZnF4
Tl2CuF4,RP,1,1,1.72,1.560575069,1,Tl,Tl,Cu,Cu,F,F,9,9,6,6,6,1.59,0.73,1.33,1.0,2.0,-1.0,0.173447,0.1511716,0.344443,6.108287,7.72638,17.42282,3.0,11.0,7.0,Handbook,True,Tl2CuF4
Cs2MnCl4,RP,1,1,1.72,1.694155443,1,Cs,Cs,Mn,Mn,Cl,Cl,9,9,6,6,6,1.78,0.83,1.81,1.0,2.0,-1.0,0.1542125,0.1352844,0.263803,3.893905548,7.434018,12.96763,1.0,7.0,7.0,Handbook,True,Cs2MnCl4
Tl2NiF4,RP,1,1,1.72,1.576680633,1,Tl,Tl,Ni,Ni,F,F,9,9,6,6,6,1.59,0.69,1.33,1.0,2.0,-1.0,0.173447,0.1472068,0.344443,6.108287,7.639877,17.42282,3.0,10.0,7.0,Handbook,True,Tl2NiF4
KRbMnF4,RP,1,1,1.72,1.538360331,1,K,Rb,Mn,Mn,F,F,9,9,6,6,6,1.59,0.83,1.33,1.0,2.0,-1.0,0.1014378,0.1352844,0.344443,4.25889577,7.434018,17.42282,1.0,7.0,7.0,Handbook,True,KRbMnF4
KRbCuF4,RP,1,1,1.72,1.560575069,1,K,Rb,Cu,Cu,F,F,9,9,6,6,6,1.59,0.73,1.33,1.0,2.0,-1.0,0.1014378,0.1511716,0.344443,4.25889577,7.72638,17.42282,1.0,11.0,7.0,Handbook,True,KRbCuF4
Rb2MnBr4,RP,1,1,1.72,1.795986779,0,Rb,Rb,Mn,Mn,Br,Br,9,9,6,6,6,1.63,0.83,1.96,1.0,2.0,-1.0,0.104686,0.1352844,0.2412578,4.177128,7.434018,11.81381,1.0,7.0,7.0,Handbook,True,Rb2MnBr4
Rb2HgF4,RP,1,1,1.72,1.533478029,1,Rb,Rb,Hg,Hg,F,F,9,9,6,6,6,1.63,1.02,1.33,1.0,2.0,-1.0,0.104686,0.169,0.344443,4.177128,10.437504,17.42282,1.0,12.0,7.0,Handbook,True,Rb2HgF4
K2MgF4,RP,1,1,1.72,1.57490077,1,K,K,Mg,Mg,F,F,9,9,6,6,6,1.55,0.72,1.33,1.0,2.0,-1.0,0.0981896,0.121644,0.344443,4.34066354,7.646235,17.42282,1.0,2.0,7.0,Handbook,True,K2MgF4
Rb2MgCl4,RP,1,1,1.72,1.780639406,0,Rb,Rb,Mg,Mg,Cl,Cl,9,9,6,6,6,1.63,0.72,1.81,1.0,2.0,-1.0,0.104686,0.121644,0.263803,4.177128,7.646235,12.96763,1.0,2.0,7.0,Handbook,True,Rb2MgCl4
Cs2CuF4,RP,1,1,1.72,1.517976504,1,Cs,Cs,Cu,Cu,F,F,9,9,6,6,6,1.78,0.73,1.33,1.0,2.0,-1.0,0.1542125,0.1511716,0.344443,3.893905548,7.72638,17.42282,1.0,11.0,7.0,Handbook,True,Cs2CuF4
Cs2CaBr4,RP,1,1,1.72,1.715616715,1,Cs,Cs,Ca,Ca,Br,Br,9,9,6,6,6,1.78,1.0,1.96,1.0,2.0,-1.0,0.1542125,0.1154119,0.2412578,3.893905548,6.1131552,11.81381,1.0,2.0,7.0,Handbook,True,Cs2CaBr4
Cs2CaCl4,RP,1,1,1.72,1.66097912,1,Cs,Cs,Ca,Ca,Cl,Cl,9,9,6,6,6,1.78,1.0,1.81,1.0,2.0,-1.0,0.1542125,0.1154119,0.263803,3.893905548,6.1131552,12.96763,1.0,2.0,7.0,Handbook,True,Cs2CaCl4
Cs2HgF4,RP,1,1,1.72,1.470261482,1,Cs,Cs,Hg,Hg,F,F,9,9,6,6,6,1.78,1.02,1.33,1.0,2.0,-1.0,0.1542125,0.169,0.344443,3.893905548,10.437504,17.42282,1.0,12.0,7.0,Handbook,True,Cs2HgF4
Cs2MnF4,RP,1,1,1.72,1.483291554,1,Cs,Cs,Mn,Mn,F,F,9,9,6,6,6,1.78,0.83,1.33,1.0,2.0,-1.0,0.1542125,0.1352844,0.344443,3.893905548,7.434018,17.42282,1.0,7.0,7.0,Handbook,True,Cs2MnF4
Rb2FeF4,RP,1,1,1.72,1.534794248,1,Rb,Rb,Fe,Fe,F,F,9,9,6,6,6,1.63,0.78,1.33,1.0,2.0,-1.0,0.104686,0.1392532,0.344443,4.177128,7.9024678,17.42282,1.0,8.0,7.0,Handbook,True,Rb2FeF4
Cs2CaF4,RP,1,1,1.72,1.468872975,1,Cs,Cs,Ca,Ca,F,F,9,9,6,6,6,1.78,1.0,1.33,1.0,2.0,-1.0,0.1542125,0.1154119,0.344443,3.893905548,6.1131552,17.42282,1.0,2.0,7.0,Handbook,True,Cs2CaF4
Rb2MnCl4,RP,1,1,1.72,1.736014227,0,Rb,Rb,Mn,Mn,Cl,Cl,9,9,6,6,6,1.63,0.83,1.81,1.0,2.0,-1.0,0.104686,0.1352844,0.263803,4.177128,7.434018,12.96763,1.0,7.0,7.0,Handbook,True,Rb2MnCl4
K2MgCl4,RP,1,1,1.72,1.801300033,0,K,K,Mg,Mg,Cl,Cl,9,9,6,6,6,1.55,0.72,1.81,1.0,2.0,-1.0,0.0981896,0.121644,0.263803,4.34066354,7.646235,12.96763,1.0,2.0,7.0,Handbook,True,K2MgCl4
K2FeF4,RP,1,1,1.72,1.559041789,1,K,K,Fe,Fe,F,F,9,9,6,6,6,1.55,0.78,1.33,1.0,2.0,-1.0,0.0981896,0.1392532,0.344443,4.34066354,7.9024678,17.42282,1.0,8.0,7.0,Handbook,True,K2FeF4
Rb2CuF4,RP,1,1,1.72,1.550356451,1,Rb,Rb,Cu,Cu,F,F,9,9,6,6,6,1.63,0.73,1.33,1.0,2.0,-1.0,0.104686,0.1511716,0.344443,4.177128,7.72638,17.42282,1.0,11.0,7.0,Handbook,True,Rb2CuF4
Rb2MgF4,RP,1,1,1.72,1.554240143,1,Rb,Rb,Mg,Mg,F,F,9,9,6,6,6,1.63,0.72,1.33,1.0,2.0,-1.0,0.104686,0.121644,0.344443,4.177128,7.646235,17.42282,1.0,2.0,7.0,Handbook,True,Rb2MgF4
Tl2CoF4,RP,1,1,1.72,1.555669172,1,Tl,Tl,Co,Co,F,F,9,9,6,6,6,1.59,0.745,1.33,1.0,2.0,-1.0,0.173447,0.1432363,0.344443,6.108287,7.88101,17.42282,3.0,9.0,7.0,Handbook,True,Tl2CoF4
K2NiF4,RP,1,1,1.72,1.586525961,1,K,K,Ni,Ni,F,F,9,9,6,6,6,1.55,0.69,1.33,1.0,2.0,-1.0,0.0981896,0.1472068,0.344443,4.34066354,7.639877,17.42282,1.0,10.0,7.0,Handbook,True,K2NiF4
K2MnF4,RP,1,1,1.72,1.552606175,1,K,K,Mn,Mn,F,F,9,9,6,6,6,1.55,0.83,1.33,1.0,2.0,-1.0,0.0981896,0.1352844,0.344443,4.34066354,7.434018,17.42282,1.0,7.0,7.0,Handbook,True,K2MnF4
K2CoF4,RP,1,1,1.72,1.567146599,1,K,K,Co,Co,F,F,9,9,6,6,6,1.55,0.745,1.33,1.0,2.0,-1.0,0.0981896,0.1432363,0.344443,4.34066354,7.88101,17.42282,1.0,9.0,7.0,Handbook,True,K2CoF4
Rb2CoF4,RP,1,1,1.72,1.545026297,1,Rb,Rb,Co,Co,F,F,9,9,6,6,6,1.63,0.745,1.33,1.0,2.0,-1.0,0.104686,0.1432363,0.344443,4.177128,7.88101,17.42282,1.0,9.0,7.0,Handbook,True,Rb2CoF4
Rb2MnCl2I2,RP,1,1,1.72,1.813527356,0,Rb,Rb,Mn,Mn,Cl,I,9,9,6,6,6,1.63,0.83,2.005,1.0,2.0,-1.0,0.104686,0.1352844,0.2416603,4.177128,7.434018,11.709445,1.0,7.0,7.0,Handbook,True,Rb2MnCl2I2
K2BaCl4,Th3P4,0,1,1.72,1.916488405,0,K,K,Ba,Ba,Cl,Cl,9,9,6,6,6,1.55,1.35,1.81,1.0,2.0,-1.0,0.0981896,0.1586786,0.263803,4.34066354,5.211664,12.96763,1.0,2.0,7.0,Handbook,True,K2BaCl4
Rb2BaBr4,Th3P4,0,1,1.72,1.890877943,0,Rb,Rb,Ba,Ba,Br,Br,9,9,6,6,6,1.63,1.35,1.96,1.0,2.0,-1.0,0.104686,0.1586786,0.2412578,4.177128,5.211664,11.81381,1.0,2.0,7.0,Handbook,True,Rb2BaBr4
Rb2BaCl4,Th3P4,0,1,1.72,1.843853388,0,Rb,Rb,Ba,Ba,Cl,Cl,9,9,6,6,6,1.63,1.35,1.81,1.0,2.0,-1.0,0.104686,0.1586786,0.263803,4.177128,5.211664,12.96763,1.0,2.0,7.0,Handbook,True,Rb2BaCl4
Cs2BaBr4,Th3P4,0,1,1.72,1.780139615,0,Cs,Cs,Ba,Ba,Br,Br,9,9,6,6,6,1.78,1.35,1.96,1.0,2.0,-1.0,0.1542125,0.1586786,0.2412578,3.893905548,5.211664,11.81381,1.0,2.0,7.0,Handbook,True,Cs2BaBr4
Cs2BaCl4,Th3P4,0,1,1.72,1.733115061,0,Cs,Cs,Ba,Ba,Cl,Cl,9,9,6,6,6,1.78,1.35,1.81,1.0,2.0,-1.0,0.1542125,0.1586786,0.263803,3.893905548,5.211664,12.96763,1.0,2.0,7.0,Handbook,True,Cs2BaCl4
K2PbCl4,Th3P4,0,1,1.72,1.822719374,0,K,K,Pb,Pb,Cl,Cl,9,9,6,6,6,1.55,1.19,1.81,1.0,2.0,-1.0,0.0981896,0.177911,0.263803,4.34066354,7.4166796,12.96763,1.0,4.0,7.0,Handbook,True,K2PbCl4
K2EuCl4,Th3P4,0,1,1.72,1.813569461,0,K,K,Eu,Eu,Cl,Cl,9,9,6,6,6,1.55,1.17,1.81,1.0,2.0,-1.0,0.0981896,0.189935,0.263803,4.34066354,5.670385,12.96763,1.0,9.0,7.0,Handbook,True,K2EuCl4
K2SrCl4,Th3P4,0,1,1.72,1.818069437,0,K,K,Sr,Sr,Cl,Cl,9,9,6,6,6,1.55,1.18,1.81,1.0,2.0,-1.0,0.0981896,0.1185082,0.263803,4.34066354,5.6948672,12.96763,1.0,2.0,7.0,Handbook,True,K2SrCl4
Rb2CoI4,Spinel,0,1,1.72,1.927334843,0,Rb,Rb,Co,Co,I,I,9,9,6,6,6,1.63,0.745,2.2,1.0,2.0,-1.0,0.104686,0.1432363,0.2195176,4.177128,7.88101,10.45126,1.0,9.0,7.0,Handbook,True,Rb2CoI4
Li2VCl4,Spinel,0,1,1.72,2.251009187,0,Li,Li,V,V,Cl,Cl,9,9,6,6,6,0.92,0.79,1.81,1.0,2.0,-1.0,0.105093,0.1273344,0.263803,5.391714761,6.746187,12.96763,1.0,5.0,7.0,Handbook,True,Li2VCl4
Li2MgCl4,Spinel,0,1,1.72,2.19800117,0,Li,Li,Mg,Mg,Cl,Cl,9,9,6,6,6,0.92,0.72,1.81,1.0,2.0,-1.0,0.105093,0.121644,0.263803,5.391714761,7.646235,12.96763,1.0,2.0,7.0,Handbook,True,Li2MgCl4
Li2CoCl4,Spinel,0,1,1.72,2.214442905,0,Li,Li,Co,Co,Cl,Cl,9,9,6,6,6,0.92,0.745,1.81,1.0,2.0,-1.0,0.105093,0.1432363,0.263803,5.391714761,7.88101,12.96763,1.0,9.0,7.0,Handbook,True,Li2CoCl4
Li2NiF4,Spinel,0,1,1.72,1.950857386,0,Li,Li,Ni,Ni,F,F,9,9,6,6,6,0.92,0.69,1.33,1.0,2.0,-1.0,0.105093,0.1472068,0.344443,5.391714761,7.639877,17.42282,1.0,10.0,7.0,Handbook,True,Li2NiF4
Li2MnBr2Cl2,Spinel,0,1,1.72,2.320929494,0,Li,Li,Mn,Mn,Br,Cl,9,9,6,6,6,0.92,0.83,1.885,1.0,2.0,-1.0,0.105093,0.1352844,0.2525304,5.391714761,7.434018,12.39072,1.0,7.0,7.0,Handbook,True,Li2MnBr2Cl2
Na2BeCl4,Olivine,0,1,1.72,2.137246612,0,Na,Na,Be,Be,Cl,Cl,9,9,6,6,6,1.24,0.45,1.81,1.0,2.0,-1.0,0.093214,0.144986,0.263803,5.1390767,9.322699,12.96763,1.0,2.0,7.0,Handbook,True,Na2BeCl4
Li2BeCl4,Olivine,0,1,1.72,2.244796443,0,Li,Li,Be,Be,Cl,Cl,9,9,6,6,6,0.92,0.45,1.81,1.0,2.0,-1.0,0.105093,0.144986,0.263803,5.391714761,9.322699,12.96763,1.0,2.0,7.0,Handbook,True,Li2BeCl4
Na2ZnCl4,Olivine,0,1,1.72,1.920091466,0,Na,Na,Zn,Zn,Cl,Cl,9,9,6,6,6,1.24,0.74,1.81,1.0,2.0,-1.0,0.093214,0.1551518,0.263803,5.1390767,9.394199,12.96763,1.0,12.0,7.0,Handbook,True,Na2ZnCl4
Li2ZnI4,Olivine,0,1,1.72,2.37120655,0,Li,Li,Zn,Zn,I,I,9,9,6,6,6,0.92,0.74,2.2,1.0,2.0,-1.0,0.105093,0.1551518,0.2195176,5.391714761,9.394199,10.45126,1.0,12.0,7.0,Handbook,True,Li2ZnI4
Li2ZnCl4,Olivine,0,1,1.72,2.210927453,0,Li,Li,Zn,Zn,Cl,Cl,9,9,6,6,6,0.92,0.74,1.81,1.0,2.0,-1.0,0.105093,0.1551518,0.263803,5.391714761,9.394199,12.96763,1.0,12.0,7.0,Handbook,True,Li2ZnCl4
Na2CoCl4,Olivine,0,1,1.72,1.919663424,0,Na,Na,Co,Co,Cl,Cl,9,9,6,6,6,1.24,0.745,1.81,1.0,2.0,-1.0,0.093214,0.1432363,0.263803,5.1390767,7.88101,12.96763,1.0,9.0,7.0,Handbook,True,Na2CoCl4
Na2ZnBr4,Olivine,0,1,1.72,1.98360638,0,Na,Na,Zn,Zn,Br,Br,9,9,6,6,6,1.24,0.74,1.96,1.0,2.0,-1.0,0.093214,0.1551518,0.2412578,5.1390767,9.394199,11.81381,1.0,12.0,7.0,Handbook,True,Na2ZnBr4
Li2ZnBr4,Olivine,0,1,1.72,2.274442368,0,Li,Li,Zn,Zn,Br,Br,9,9,6,6,6,0.92,0.74,1.96,1.0,2.0,-1.0,0.105093,0.1551518,0.2412578,5.391714761,9.394199,11.81381,1.0,12.0,7.0,Handbook,True,Li2ZnBr4
LiNaBeF4,Olivine,0,1,1.72,1.892784039,0,Li,Na,Be,Be,F,F,9,9,6,6,6,1.08,0.45,1.33,1.0,2.0,-1.0,0.0991535,0.144986,0.344443,5.265395731,9.322699,17.42282,1.0,2.0,7.0,Handbook,True,LiNaBeF4
Cs2BeCl4,K2SO4,0,1,1.72,2.069460246,0,Cs,Cs,Be,Be,Cl,Cl,9,9,6,6,6,1.78,0.45,1.81,1.0,2.0,-1.0,0.1542125,0.144986,0.263803,3.893905548,9.322699,12.96763,1.0,2.0,7.0,Handbook,True,Cs2BeCl4
K2BeCl4,K2SO4,0,1,1.72,2.089835062,0,K,K,Be,Be,Cl,Cl,9,9,6,6,6,1.55,0.45,1.81,1.0,2.0,-1.0,0.0981896,0.144986,0.263803,4.34066354,9.322699,12.96763,1.0,2.0,7.0,Handbook,True,K2BeCl4
Cs2ZnI4,K2SO4,0,1,1.72,1.897062838,0,Cs,Cs,Zn,Zn,I,I,9,9,6,6,6,1.78,0.74,2.2,1.0,2.0,-1.0,0.1542125,0.1551518,0.2195176,3.893905548,9.394199,10.45126,1.0,12.0,7.0,Handbook,True,Cs2ZnI4
Rb2ZnBr4,K2SO4,0,1,1.72,1.833571801,0,Rb,Rb,Zn,Zn,Br,Br,9,9,6,6,6,1.63,0.74,1.96,1.0,2.0,-1.0,0.104686,0.1551518,0.2412578,4.177128,9.394199,11.81381,1.0,12.0,7.0,Handbook,True,Rb2ZnBr4
Rb2CoCl4,K2SO4,0,1,1.72,1.767594501,0,Rb,Rb,Co,Co,Cl,Cl,9,9,6,6,6,1.63,0.745,1.81,1.0,2.0,-1.0,0.104686,0.1432363,0.263803,4.177128,7.88101,12.96763,1.0,9.0,7.0,Handbook,True,Rb2CoCl4
Cs2HgCl4,K2SO4,0,1,1.72,1.66047491,1,Cs,Cs,Hg,Hg,Cl,Cl,9,9,6,6,6,1.78,1.02,1.81,1.0,2.0,-1.0,0.1542125,0.169,0.263803,3.893905548,10.437504,12.96763,1.0,12.0,7.0,Handbook,True,Cs2HgCl4
Cs2CuBr4,K2SO4,0,1,1.72,1.806768208,0,Cs,Cs,Cu,Cu,Br,Br,9,9,6,6,6,1.78,0.73,1.96,1.0,2.0,-1.0,0.1542125,0.1511716,0.2412578,3.893905548,7.72638,11.81381,1.0,11.0,7.0,Handbook,True,Cs2CuBr4
Cs2MnBr4,K2SO4,0,1,1.72,1.754127995,0,Cs,Cs,Mn,Mn,Br,Br,9,9,6,6,6,1.78,0.83,1.96,1.0,2.0,-1.0,0.1542125,0.1352844,0.2412578,3.893905548,7.434018,11.81381,1.0,7.0,7.0,Handbook,True,Cs2MnBr4
Cs2ZnBr4,K2SO4,0,1,1.72,1.800298656,0,Cs,Cs,Zn,Zn,Br,Br,9,9,6,6,6,1.78,0.74,1.96,1.0,2.0,-1.0,0.1542125,0.1551518,0.2412578,3.893905548,9.394199,11.81381,1.0,12.0,7.0,Handbook,True,Cs2ZnBr4
Tl2CoBr4,K2SO4,0,1,1.72,1.841538794,0,Tl,Tl,Co,Co,Br,Br,9,9,6,6,6,1.59,0.745,1.96,1.0,2.0,-1.0,0.173447,0.1432363,0.2412578,6.108287,7.88101,11.81381,3.0,9.0,7.0,Handbook,True,Tl2CoBr4
K2CoBr4,K2SO4,0,1,1.72,1.853016221,0,K,K,Co,Co,Br,Br,9,9,6,6,6,1.55,0.745,1.96,1.0,2.0,-1.0,0.0981896,0.1432363,0.2412578,4.34066354,7.88101,11.81381,1.0,9.0,7.0,Handbook,True,K2CoBr4
Cs2CoBr4,K2SO4,0,1,1.72,1.797171617,0,Cs,Cs,Co,Co,Br,Br,9,9,6,6,6,1.78,0.745,1.96,1.0,2.0,-1.0,0.1542125,0.1432363,0.2412578,3.893905548,7.88101,11.81381,1.0,9.0,7.0,Handbook,True,Cs2CoBr4
Cs2CdBr4,K2SO4,0,1,1.72,1.721213778,0,Cs,Cs,Cd,Cd,Br,Br,9,9,6,6,6,1.78,0.95,1.96,1.0,2.0,-1.0,0.1542125,0.1504066,0.2412578,3.893905548,8.993822,11.81381,1.0,12.0,7.0,Handbook,True,Cs2CdBr4
Tl2BeF4,K2SO4,0,1,1.72,1.799272607,0,Tl,Tl,Be,Be,F,F,9,9,6,6,6,1.59,0.45,1.33,1.0,2.0,-1.0,0.173447,0.144986,0.344443,6.108287,9.322699,17.42282,3.0,2.0,7.0,Handbook,True,Tl2BeF4
Rb2BeF4,K2SO4,0,1,1.72,1.795389571,0,Rb,Rb,Be,Be,F,F,9,9,6,6,6,1.63,0.45,1.33,1.0,2.0,-1.0,0.104686,0.144986,0.344443,4.177128,9.322699,17.42282,1.0,2.0,7.0,Handbook,True,Rb2BeF4
K2BeF4,K2SO4,0,1,1.72,1.803460129,0,K,K,Be,Be,F,F,9,9,6,6,6,1.55,0.45,1.33,1.0,2.0,-1.0,0.0981896,0.144986,0.344443,4.34066354,9.322699,17.42282,1.0,2.0,7.0,Handbook,True,K2BeF4
Cs2BeF4,K2SO4,0,1,1.72,1.783085313,0,Cs,Cs,Be,Be,F,F,9,9,6,6,6,1.78,0.45,1.33,1.0,2.0,-1.0,0.1542125,0.144986,0.344443,3.893905548,9.322699,17.42282,1.0,2.0,7.0,Handbook,True,Cs2BeF4
Rb2CoBr4,K2SO4,0,1,1.72,1.830895919,0,Rb,Rb,Co,Co,Br,Br,9,9,6,6,6,1.63,0.745,1.96,1.0,2.0,-1.0,0.104686,0.1432363,0.2412578,4.177128,7.88101,11.81381,1.0,9.0,7.0,Handbook,True,Rb2CoBr4
Cs2CoI4,K2SO4,0,1,1.72,1.893610541,0,Cs,Cs,Co,Co,I,I,9,9,6,6,6,1.78,0.745,2.2,1.0,2.0,-1.0,0.1542125,0.1432363,0.2195176,3.893905548,7.88101,10.45126,1.0,9.0,7.0,Handbook,True,Cs2CoI4
Rb2ZnCl4,K2SO4,0,1,1.72,1.770056887,0,Rb,Rb,Zn,Zn,Cl,Cl,9,9,6,6,6,1.63,0.74,1.81,1.0,2.0,-1.0,0.104686,0.1551518,0.263803,4.177128,9.394199,12.96763,1.0,12.0,7.0,Handbook,True,Rb2ZnCl4
Cs2CdI4,K2SO4,0,1,1.72,1.806615906,0,Cs,Cs,Cd,Cd,I,I,9,9,6,6,6,1.78,0.95,2.2,1.0,2.0,-1.0,0.1542125,0.1504066,0.2195176,3.893905548,8.993822,10.45126,1.0,12.0,7.0,Handbook,True,Cs2CdI4
Rb2MnI4,K2SO4,0,1,1.72,1.887354217,0,Rb,Rb,Mn,Mn,I,I,9,9,6,6,6,1.63,0.83,2.2,1.0,2.0,-1.0,0.104686,0.1352844,0.2195176,4.177128,7.434018,10.45126,1.0,7.0,7.0,Handbook,True,Rb2MnI4
K2CuCl4,K2SO4,0,1,1.72,1.796438206,0,K,K,Cu,Cu,Cl,Cl,9,9,6,6,6,1.55,0.73,1.81,1.0,2.0,-1.0,0.0981896,0.1511716,0.263803,4.34066354,7.72638,12.96763,1.0,11.0,7.0,Handbook,True,K2CuCl4
K2ZnCl4,K2SO4,0,1,1.72,1.791881268,0,K,K,Zn,Zn,Cl,Cl,9,9,6,6,6,1.55,0.74,1.81,1.0,2.0,-1.0,0.0981896,0.1551518,0.263803,4.34066354,9.394199,12.96763,1.0,12.0,7.0,Handbook,True,K2ZnCl4
Cs2ZnCl4,K2SO4,0,1,1.72,1.736783741,0,Cs,Cs,Zn,Zn,Cl,Cl,9,9,6,6,6,1.78,0.74,1.81,1.0,2.0,-1.0,0.1542125,0.1551518,0.263803,3.893905548,9.394199,12.96763,1.0,12.0,7.0,Handbook,True,Cs2ZnCl4
Cs2MgCl4,K2SO4,0,1,1.72,1.749140504,0,Cs,Cs,Mg,Mg,Cl,Cl,9,9,6,6,6,1.78,0.72,1.81,1.0,2.0,-1.0,0.1542125,0.121644,0.263803,3.893905548,7.646235,12.96763,1.0,2.0,7.0,Handbook,True,Cs2MgCl4
Cs2CuCl4,K2SO4,0,1,1.72,1.74281974,0,Cs,Cs,Cu,Cu,Cl,Cl,9,9,6,6,6,1.78,0.73,1.81,1.0,2.0,-1.0,0.1542125,0.1511716,0.263803,3.893905548,7.72638,12.96763,1.0,11.0,7.0,Handbook,True,Cs2CuCl4
Tl2CoCl4,K2SO4,0,1,1.72,1.778237376,0,Tl,Tl,Co,Co,Cl,Cl,9,9,6,6,6,1.59,0.745,1.81,1.0,2.0,-1.0,0.173447,0.1432363,0.263803,6.108287,7.88101,12.96763,3.0,9.0,7.0,Handbook,True,Tl2CoCl4
K2CoCl4,K2SO4,0,1,1.72,1.789714803,0,K,K,Co,Co,Cl,Cl,9,9,6,6,6,1.55,0.745,1.81,1.0,2.0,-1.0,0.0981896,0.1432363,0.263803,4.34066354,7.88101,12.96763,1.0,9.0,7.0,Handbook,True,K2CoCl4
Cs2CoCl4,K2SO4,0,1,1.72,1.733870199,0,Cs,Cs,Co,Co,Cl,Cl,9,9,6,6,6,1.78,0.745,1.81,1.0,2.0,-1.0,0.1542125,0.1432363,0.263803,3.893905548,7.88101,12.96763,1.0,9.0,7.0,Handbook,True,Cs2CoCl4
Cs2MnI4,K2SO4,0,1,1.72,1.845495433,0,Cs,Cs,Mn,Mn,I,I,9,9,6,6,6,1.78,0.83,2.2,1.0,2.0,-1.0,0.1542125,0.1352844,0.2195176,3.893905548,7.434018,10.45126,1.0,7.0,7.0,Handbook,True,Cs2MnI4
