Substance,Label,n,rA,rB,rX,nA,nB,nX,xA,xB,xX,iA,iB,iX,vA,vB,vX,fold_2
Cs2AgF4,1.0,1.0,1.78,0.94,1.33,1.0,2.0,-1.0,0.1542125,0.1472165,0.344443,3.893905548,7.576234,17.42282,1.0,11.0,7.0,train
Sr2RuO4,1.0,1.0,1.31,0.62,1.4,2.0,4.0,-2.0,0.1185082,0.1376494,0.304575,5.6948672,7.3605,13.618054,2.0,8.0,6.0,train
SrSmCrO4,1.0,1.0,1.221,0.615,1.4,2.5,3.0,-2.0,0.1519881,0.1313053,0.304575,5.6692886,6.76651,13.618054,5.0,6.0,6.0,train
Cs2YbCl4,1.0,1.0,1.78,1.02,1.81,1.0,2.0,-1.0,0.1542125,0.22119,0.263803,3.893905548,6.25416,12.96763,1.0,16.0,7.0,train
SrTbFeO4,1.0,1.0,1.2025,0.645,1.4,2.5,3.0,-2.0,0.1586856,0.1392532,0.304575,5.7793336,7.9024678,13.618054,6.5,8.0,6.0,train
La2CuO4,1.0,1.0,1.216,0.73,1.4,3.0,2.0,-2.0,0.163142,0.1511716,0.304575,5.5769,7.72638,13.618054,3.0,11.0,6.0,train
Rb2ZnF4,1.0,1.0,1.63,0.74,1.33,1.0,2.0,-1.0,0.104686,0.1551518,0.344443,4.177128,9.394199,17.42282,1.0,12.0,7.0,train
Rb2NiF4,1.0,1.0,1.63,0.69,1.33,1.0,2.0,-1.0,0.104686,0.1472068,0.344443,4.177128,7.639877,17.42282,1.0,10.0,7.0,train
Tl2UO4,1.0,1.0,1.59,0.73,1.4,1.0,6.0,-2.0,0.173447,0.13207,0.304575,6.108287,6.19405,13.618054,3.0,6.0,6.0,train
Rb2NpO4,1.0,1.0,1.63,0.72,1.4,1.0,6.0,-2.0,0.104686,0.14265,0.304575,4.177128,6.2655,13.618054,1.0,7.0,6.0,train
Rb2MnBr2Cl2,1.0,1.0,1.63,0.83,1.885,1.0,2.0,-1.0,0.104686,0.1352844,0.2525304,4.177128,7.434018,12.39072,1.0,7.0,7.0,train
Sr2TiO4,1.0,1.0,1.31,0.605,1.4,2.0,4.0,-2.0,0.1185082,0.1233637,0.304575,5.6948672,6.82812,13.618054,2.0,4.0,6.0,train
Sr2SnO4,1.0,1.0,1.31,0.69,1.4,2.0,4.0,-2.0,0.1185082,0.178052,0.304575,5.6948672,7.343917,13.618054,2.0,4.0,6.0,train
Sr2RhO4,1.0,1.0,1.31,0.6,1.4,2.0,4.0,-2.0,0.1185082,0.1408379,0.304575,5.6948672,7.4589,13.618054,2.0,9.0,6.0,train
Ba2IrO4,1.0,1.0,1.47,0.625,1.4,2.0,4.0,-2.0,0.1586786,0.25106,0.304575,5.211664,8.96702,13.618054,2.0,9.0,6.0,train
Ca2SiO4,1.0,1.0,1.18,0.4,1.4,2.0,4.0,-2.0,0.1154119,0.178503,0.304575,6.1131552,8.151683,13.618054,2.0,4.0,6.0,train
Rb2CdCl4,1.0,1.0,1.63,0.95,1.81,1.0,2.0,-1.0,0.104686,0.1504066,0.263803,4.177128,8.993822,12.96763,1.0,12.0,7.0,train
Cs2CrCl4,1.0,1.0,1.78,0.8,1.81,1.0,2.0,-1.0,0.1542125,0.1313053,0.263803,3.893905548,6.76651,12.96763,1.0,6.0,7.0,train
SrTbVO4,1.0,1.0,1.2025,0.64,1.4,2.5,3.0,-2.0,0.1586856,0.1273344,0.304575,5.7793336,6.746187,13.618054,6.5,5.0,6.0,train
LaAgTiO4,1.0,1.0,1.248,0.605,1.4,2.0,4.0,-2.0,0.15517925,0.1233637,0.304575,6.576567,6.82812,13.618054,7.0,4.0,6.0,train
SrPrVO4,1.0,1.0,1.2445,0.64,1.4,2.5,3.0,-2.0,0.1452941,0.1273344,0.304575,5.5839336,6.746187,13.618054,3.5,5.0,6.0,train
SrCeAlO4,1.0,1.0,1.253,0.535,1.4,2.5,3.0,-2.0,0.1430591,0.150078,0.304575,5.6167336,5.9857684,13.618054,3.0,3.0,6.0,train
EuNdAlO4,1.0,1.0,1.2315,0.535,1.4,2.5,3.0,-2.0,0.183237,0.150078,0.304575,5.5976925,5.9857684,13.618054,7.5,3.0,6.0,train
SrEuVO4,1.0,1.0,1.3050000000000002,0.58,1.4,2.0,4.0,-2.0,0.1542216,0.1273344,0.304575,5.6826261,6.746187,13.618054,5.5,5.0,6.0,train
Cs2TmCl4,1.0,1.0,1.78,1.03,1.81,1.0,2.0,-1.0,0.1542125,0.2167244,0.263803,3.893905548,6.18431,12.96763,1.0,15.0,7.0,train
K2ZnF4,1.0,1.0,1.55,0.74,1.33,1.0,2.0,-1.0,0.0981896,0.1551518,0.344443,4.34066354,9.394199,17.42282,1.0,12.0,7.0,train
K2NpO4,1.0,1.0,1.55,0.72,1.4,1.0,6.0,-2.0,0.0981896,0.14265,0.304575,4.34066354,6.2655,13.618054,1.0,7.0,6.0,train
Pr2CuO4,1.0,1.0,1.179,0.73,1.4,3.0,2.0,-2.0,0.17208,0.1511716,0.304575,5.473,7.72638,13.618054,5.0,11.0,6.0,train
K2PuO4,1.0,1.0,1.55,0.71,1.4,1.0,6.0,-2.0,0.0981896,0.16137,0.304575,4.34066354,6.0258,13.618054,1.0,8.0,6.0,train
Nd2CuO4,1.0,1.0,1.163,0.73,1.4,3.0,2.0,-2.0,0.176539,0.1511716,0.304575,5.525,7.72638,13.618054,6.0,11.0,6.0,train
CaHoAlO4,1.0,1.0,1.126,0.535,1.4,2.5,3.0,-2.0,0.16160345,0.150078,0.304575,6.0673276,5.9857684,13.618054,7.5,3.0,6.0,train
SrEuCrO4,1.0,1.0,1.215,0.615,1.4,2.5,3.0,-2.0,0.1542216,0.1313053,0.304575,5.6826261,6.76651,13.618054,5.5,6.0,6.0,train
Tl2CuF4,1.0,1.0,1.59,0.73,1.33,1.0,2.0,-1.0,0.173447,0.1511716,0.344443,6.108287,7.72638,17.42282,3.0,11.0,7.0,train
K2UO4,1.0,1.0,1.55,0.73,1.4,1.0,6.0,-2.0,0.0981896,0.13207,0.304575,4.34066354,6.19405,13.618054,1.0,6.0,6.0,train
Sr2MoO4,1.0,1.0,1.31,0.65,1.4,2.0,4.0,-2.0,0.1185082,0.1312672,0.304575,5.6948672,7.09243,13.618054,2.0,6.0,6.0,train
Nd2NiO4,1.0,1.0,1.163,0.69,1.4,3.0,2.0,-2.0,0.176539,0.1472068,0.304575,5.525,7.639877,13.618054,6.0,10.0,6.0,train
Rb2PuO4,1.0,1.0,1.63,0.71,1.4,1.0,6.0,-2.0,0.104686,0.16137,0.304575,4.177128,6.0258,13.618054,1.0,8.0,6.0,train
Rb2UO4,1.0,1.0,1.63,0.73,1.4,1.0,6.0,-2.0,0.104686,0.13207,0.304575,4.177128,6.19405,13.618054,1.0,6.0,6.0,train
Cs2MnCl4,1.0,1.0,1.78,0.83,1.81,1.0,2.0,-1.0,0.1542125,0.1352844,0.263803,3.893905548,7.434018,12.96763,1.0,7.0,7.0,train
CaPrCoO4,1.0,1.0,1.1795,0.61,1.4,2.5,3.0,-2.0,0.14374595,0.1432363,0.304575,5.7930776,7.88101,13.618054,3.5,9.0,6.0,train
CaSmCoO4,1.0,1.0,1.156,0.61,1.4,2.5,3.0,-2.0,0.15043995,0.1432363,0.304575,5.8784326,7.88101,13.618054,5.0,9.0,6.0,train
Sr2MnO4,1.0,1.0,1.31,0.53,1.4,2.0,4.0,-2.0,0.1185082,0.1352844,0.304575,5.6948672,7.434018,13.618054,2.0,7.0,6.0,train
SrPrAlO4,1.0,1.0,1.2445,0.535,1.4,2.5,3.0,-2.0,0.1452941,0.150078,0.304575,5.5839336,5.9857684,13.618054,3.5,3.0,6.0,train
La2NiO4,1.0,1.0,1.216,0.69,1.4,3.0,2.0,-2.0,0.163142,0.1472068,0.304575,5.5769,7.639877,13.618054,3.0,10.0,6.0,train
La2CoO4,1.0,1.0,1.216,0.745,1.4,3.0,2.0,-2.0,0.163142,0.1432363,0.304575,5.5769,7.88101,13.618054,3.0,9.0,6.0,train
Ba2ZrO4,1.0,1.0,1.47,0.72,1.4,2.0,4.0,-2.0,0.1586786,0.1248887,0.304575,5.211664,6.6339,13.618054,2.0,4.0,6.0,train
Ca2MnO4,1.0,1.0,1.18,0.53,1.4,2.0,4.0,-2.0,0.1154119,0.1352844,0.304575,6.1131552,7.434018,13.618054,2.0,7.0,6.0,train
Cs2PuO4,1.0,1.0,1.78,0.71,1.4,1.0,6.0,-2.0,0.1542125,0.16137,0.304575,3.893905548,6.0258,13.618054,1.0,8.0,6.0,train
Tl2NiF4,1.0,1.0,1.59,0.69,1.33,1.0,2.0,-1.0,0.173447,0.1472068,0.344443,6.108287,7.639877,17.42282,3.0,10.0,7.0,train
Sr2FeO4,1.0,1.0,1.31,0.585,1.4,2.0,4.0,-2.0,0.1185082,0.1392532,0.304575,5.6948672,7.9024678,13.618054,2.0,8.0,6.0,train
DySmCuO4,1.0,1.0,1.1075,0.73,1.4,3.0,2.0,-2.0,0.194399,0.1511716,0.304575,5.79138,7.72638,13.618054,10.0,11.0,6.0,train
SrLaMnO4,1.0,1.0,1.263,0.645,1.4,2.5,3.0,-2.0,0.1408251,0.1352844,0.304575,5.6358836,7.434018,13.618054,2.5,7.0,6.0,train
SmTbCuO4,1.0,1.0,1.1135000000000002,0.73,1.4,3.0,2.0,-2.0,0.1921655,0.1511716,0.304575,5.753755,7.72638,13.618054,9.5,11.0,6.0,train
CaYCrO4,1.0,1.0,1.1275,0.615,1.4,2.5,3.0,-2.0,0.11855525,0.1313053,0.304575,6.1652076,6.76651,13.618054,2.5,6.0,6.0,train
CaCeMnO4,1.0,1.0,1.075,0.83,1.4,3.0,2.0,-2.0,0.14151095,0.1352844,0.304575,5.8258776,7.434018,13.618054,3.0,7.0,6.0,train
BaSrSnO4,1.0,1.0,1.39,0.69,1.4,2.0,4.0,-2.0,0.1385934,0.178052,0.304575,5.4532656,7.343917,13.618054,2.0,4.0,6.0,train
CaPrAlO4,1.0,1.0,1.1795,0.535,1.4,2.5,3.0,-2.0,0.14374595,0.150078,0.304575,5.7930776,5.9857684,13.618054,3.5,3.0,6.0,train
CaYAlO4,1.0,1.0,1.1275,0.535,1.4,2.5,3.0,-2.0,0.11855525,0.150078,0.304575,6.1652076,5.9857684,13.618054,2.5,3.0,6.0,train
DyNdCuO4,1.0,1.0,1.123,0.73,1.4,3.0,2.0,-2.0,0.1899345,0.1511716,0.304575,5.732025,7.72638,13.618054,9.0,11.0,6.0,train
DyPrCuO4,1.0,1.0,1.131,0.73,1.4,3.0,2.0,-2.0,0.187705,0.1511716,0.304575,5.706025,7.72638,13.618054,8.5,11.0,6.0,train
EuLaCuO4,1.0,1.0,1.168,0.73,1.4,3.0,2.0,-2.0,0.1765385,0.1511716,0.304575,5.6236425,7.72638,13.618054,6.0,11.0,6.0,train
NaLuTiO4,1.0,1.0,1.136,0.605,1.4,2.0,4.0,-2.0,0.159432,0.1233637,0.304575,5.28247385,6.82812,13.618054,9.0,4.0,6.0,train
SrPrNiO4,1.0,1.0,1.2445,0.6,1.4,2.5,3.0,-2.0,0.1452941,0.1472068,0.304575,5.5839336,7.639877,13.618054,3.5,10.0,6.0,train
SrNdVO4,1.0,1.0,1.2365,0.64,1.4,2.5,3.0,-2.0,0.1475236,0.1273344,0.304575,5.6099336,6.746187,13.618054,4.0,5.0,6.0,train
SrGdFeO4,1.0,1.0,1.2085,0.645,1.4,2.5,3.0,-2.0,0.1564541,0.1392532,0.304575,5.9223316,7.9024678,13.618054,6.0,8.0,6.0,train
SrPrFeO4,1.0,1.0,1.2445,0.645,1.4,2.5,3.0,-2.0,0.1452941,0.1392532,0.304575,5.5839336,7.9024678,13.618054,3.5,8.0,6.0,train
SrLaCrO4,1.0,1.0,1.263,0.615,1.4,2.5,3.0,-2.0,0.1408251,0.1313053,0.304575,5.6358836,6.76651,13.618054,2.5,6.0,6.0,train
CaGdAlO4,1.0,1.0,1.1435,0.535,1.4,2.5,3.0,-2.0,0.15490595,0.150078,0.304575,6.1314756,5.9857684,13.618054,6.0,3.0,6.0,train
CaEuAlO4,1.0,1.0,1.15,0.535,1.4,2.5,3.0,-2.0,0.15267345,0.150078,0.304575,5.8917701,5.9857684,13.618054,5.5,3.0,6.0,train
CaErAlO4,1.0,1.0,1.121,0.535,1.4,2.5,3.0,-2.0,0.16383645,0.150078,0.304575,6.1104276,5.9857684,13.618054,8.0,3.0,6.0,train
KRbCuF4,1.0,1.0,1.59,0.73,1.33,1.0,2.0,-1.0,0.1014378,0.1511716,0.344443,4.25889577,7.72638,17.42282,1.0,11.0,7.0,train
SrGdAlO4,1.0,1.0,1.2085,0.535,1.4,2.5,3.0,-2.0,0.1564541,0.150078,0.304575,5.9223316,5.9857684,13.618054,6.0,3.0,6.0,train
CeEuAlO4,1.0,1.0,1.248,0.535,1.4,2.5,3.0,-2.0,0.1787725,0.150078,0.304575,5.6044925,5.9857684,13.618054,6.5,3.0,6.0,train
Sr2VO4,1.0,1.0,1.31,0.58,1.4,2.0,4.0,-2.0,0.1185082,0.1273344,0.304575,5.6948672,6.746187,13.618054,2.0,5.0,6.0,train
Gd2NiO4,1.0,1.0,1.107,0.69,1.4,3.0,2.0,-2.0,0.1944,0.1472068,0.304575,6.149796,7.639877,13.618054,10.0,10.0,6.0,train
SrLaAlO4,1.0,1.0,1.263,0.535,1.4,2.5,3.0,-2.0,0.1408251,0.150078,0.304575,5.6358836,5.9857684,13.618054,2.5,3.0,6.0,train
SrNdGaO4,1.0,1.0,1.2365,0.62,1.4,2.5,3.0,-2.0,0.1475236,0.1723773,0.304575,5.6099336,5.9993018,13.618054,4.0,3.0,6.0,train
KLaTiO4,1.0,1.0,1.383,0.605,1.4,2.0,4.0,-2.0,0.1306658,0.1233637,0.304575,4.95878177,6.82812,13.618054,2.0,4.0,6.0,train
SrGdCoO4,1.0,1.0,1.2085,0.61,1.4,2.5,3.0,-2.0,0.1564541,0.1432363,0.304575,5.9223316,7.88101,13.618054,6.0,9.0,6.0,train
SrSmCoO4,1.0,1.0,1.221,0.61,1.4,2.5,3.0,-2.0,0.1519881,0.1432363,0.304575,5.6692886,7.88101,13.618054,5.0,9.0,6.0,train
SrDyCrO4,1.0,1.0,1.1965,0.615,1.4,2.5,3.0,-2.0,0.1609191,0.1313053,0.304575,5.8169586,6.76651,13.618054,7.0,6.0,6.0,train
SrCeVO4,1.0,1.0,1.253,0.64,1.4,2.5,3.0,-2.0,0.1430591,0.1273344,0.304575,5.6167336,6.746187,13.618054,3.0,5.0,6.0,train
BaLaFeO4,1.0,1.0,1.343,0.645,1.4,2.5,3.0,-2.0,0.1609103,0.1392532,0.304575,5.394282,7.9024678,13.618054,2.5,8.0,6.0,train
CaLaAlO4,1.0,1.0,1.198,0.535,1.4,2.5,3.0,-2.0,0.13927695,0.150078,0.304575,5.8450276,5.9857684,13.618054,2.5,3.0,6.0,train
CaNdAlO4,1.0,1.0,1.1715,0.535,1.4,2.5,3.0,-2.0,0.14597545,0.150078,0.304575,5.8190776,5.9857684,13.618054,4.0,3.0,6.0,train
CaSmAlO4,1.0,1.0,1.156,0.535,1.4,2.5,3.0,-2.0,0.15043995,0.150078,0.304575,5.8784326,5.9857684,13.618054,5.0,3.0,6.0,train
BaSrPbO4,1.0,1.0,1.39,0.775,1.4,2.0,4.0,-2.0,0.1385934,0.177911,0.304575,5.4532656,7.4166796,13.618054,2.0,4.0,6.0,train
NaLaTiO4,1.0,1.0,1.228,0.605,1.4,2.0,4.0,-2.0,0.128178,0.1233637,0.304575,5.35798835,6.82812,13.618054,2.0,4.0,6.0,train
SrPrGaO4,1.0,1.0,1.2445,0.62,1.4,2.5,3.0,-2.0,0.1452941,0.1723773,0.304575,5.5839336,5.9993018,13.618054,3.5,3.0,6.0,train
NdTbCuO4,1.0,1.0,1.129,0.73,1.4,3.0,2.0,-2.0,0.187701,0.1511716,0.304575,5.6944,7.72638,13.618054,8.5,11.0,6.0,train
SrEuCoO4,1.0,1.0,1.215,0.61,1.4,2.5,3.0,-2.0,0.1542216,0.1432363,0.304575,5.6826261,7.88101,13.618054,5.5,9.0,6.0,train
CaLaFeO4,1.0,1.0,1.198,0.645,1.4,2.5,3.0,-2.0,0.13927695,0.1392532,0.304575,5.8450276,7.9024678,13.618054,2.5,8.0,6.0,train
CaLaCrO4,1.0,1.0,1.198,0.615,1.4,2.5,3.0,-2.0,0.13927695,0.1313053,0.304575,5.8450276,6.76651,13.618054,2.5,6.0,6.0,train
Sr2IrO4,1.0,1.0,1.31,0.625,1.4,2.0,4.0,-2.0,0.1185082,0.25106,0.304575,5.6948672,8.96702,13.618054,2.0,9.0,6.0,train
SrNdAlO4,1.0,1.0,1.2365,0.535,1.4,2.5,3.0,-2.0,0.1475236,0.150078,0.304575,5.6099336,5.9857684,13.618054,4.0,3.0,6.0,train
SrPrCrO4,1.0,1.0,1.2445,0.615,1.4,2.5,3.0,-2.0,0.1452941,0.1313053,0.304575,5.5839336,6.76651,13.618054,3.5,6.0,6.0,train
Rb2MnBr4,1.0,1.0,1.63,0.83,1.96,1.0,2.0,-1.0,0.104686,0.1352844,0.2412578,4.177128,7.434018,11.81381,1.0,7.0,7.0,train
Rb2HgF4,1.0,1.0,1.63,1.02,1.33,1.0,2.0,-1.0,0.104686,0.169,0.344443,4.177128,10.437504,17.42282,1.0,12.0,7.0,train
K2MgF4,1.0,1.0,1.55,0.72,1.33,1.0,2.0,-1.0,0.0981896,0.121644,0.344443,4.34066354,7.646235,17.42282,1.0,2.0,7.0,train
Rb2MgCl4,1.0,1.0,1.63,0.72,1.81,1.0,2.0,-1.0,0.104686,0.121644,0.263803,4.177128,7.646235,12.96763,1.0,2.0,7.0,train
Sr2CrO4,1.0,1.0,1.31,0.55,1.4,2.0,4.0,-2.0,0.1185082,0.1313053,0.304575,5.6948672,6.76651,13.618054,2.0,6.0,6.0,train
Sr2CoO4,1.0,1.0,1.31,0.53,1.4,2.0,4.0,-2.0,0.1185082,0.1432363,0.304575,5.6948672,7.88101,13.618054,2.0,9.0,6.0,train
Ba2ZrS4,1.0,1.0,1.47,0.72,1.84,2.0,4.0,-2.0,0.1586786,0.1248887,0.23596,5.211664,6.6339,10.36001,2.0,4.0,6.0,train
Ba2SnO4,1.0,1.0,1.47,0.69,1.4,2.0,4.0,-2.0,0.1586786,0.178052,0.304575,5.211664,7.343917,13.618054,2.0,4.0,6.0,train
Ba2HfS4,1.0,1.0,1.47,0.71,1.84,2.0,4.0,-2.0,0.1586786,0.229987,0.23596,5.211664,6.82507,10.36001,2.0,4.0,6.0,train
Cs2HgF4,1.0,1.0,1.78,1.02,1.33,1.0,2.0,-1.0,0.1542125,0.169,0.344443,3.893905548,10.437504,17.42282,1.0,12.0,7.0,train
Cs2MnF4,1.0,1.0,1.78,0.83,1.33,1.0,2.0,-1.0,0.1542125,0.1352844,0.344443,3.893905548,7.434018,17.42282,1.0,7.0,7.0,train
NaNdTiO4,1.0,1.0,1.2015,0.605,1.4,2.0,4.0,-2.0,0.1348765,0.1233637,0.304575,5.33203835,6.82812,13.618054,3.5,4.0,6.0,train
Eu2ZrO4,1.0,1.0,1.3,0.72,1.4,2.0,4.0,-2.0,0.189935,0.1248887,0.304575,5.670385,6.6339,13.618054,9.0,4.0,6.0,train
Ca2GeO4,1.0,1.0,1.18,0.53,1.4,2.0,4.0,-2.0,0.1154119,0.1895892,0.304575,6.1131552,7.899435,13.618054,2.0,4.0,6.0,train
Ba2HfO4,1.0,1.0,1.47,0.71,1.4,2.0,4.0,-2.0,0.1586786,0.229987,0.304575,5.211664,6.82507,13.618054,2.0,4.0,6.0,train
Eu2VO4,1.0,1.0,1.3,0.58,1.4,2.0,4.0,-2.0,0.189935,0.1273344,0.304575,5.670385,6.746187,13.618054,9.0,5.0,6.0,train
Rb2FeF4,1.0,1.0,1.63,0.78,1.33,1.0,2.0,-1.0,0.104686,0.1392532,0.344443,4.177128,7.9024678,17.42282,1.0,8.0,7.0,train
SrLaVO4,1.0,1.0,1.263,0.64,1.4,2.5,3.0,-2.0,0.1408251,0.1273344,0.304575,5.6358836,6.746187,13.618054,2.5,5.0,6.0,train
Cs2CaF4,1.0,1.0,1.78,1.0,1.33,1.0,2.0,-1.0,0.1542125,0.1154119,0.344443,3.893905548,6.1131552,17.42282,1.0,2.0,7.0,train
NaSmTiO4,1.0,1.0,1.186,0.605,1.4,2.0,4.0,-2.0,0.139341,0.1233637,0.304575,5.39139335,6.82812,13.618054,4.5,4.0,6.0,train
NaTmTiO4,1.0,1.0,1.146,0.605,1.4,2.0,4.0,-2.0,0.1549692,0.1233637,0.304575,5.66169335,6.82812,13.618054,8.0,4.0,6.0,train
SrNdNiO4,1.0,1.0,1.2365,0.6,1.4,2.5,3.0,-2.0,0.1475236,0.1472068,0.304575,5.6099336,7.639877,13.618054,4.0,10.0,6.0,train
EuTbCuO4,1.0,1.0,1.1075,0.73,1.4,3.0,2.0,-2.0,0.194399,0.1511716,0.304575,5.7670925,7.72638,13.618054,10.0,11.0,6.0,train
Eu2TiO4,1.0,1.0,1.3,0.605,1.4,2.0,4.0,-2.0,0.189935,0.1233637,0.304575,5.670385,6.82812,13.618054,9.0,4.0,6.0,train
SrEuAlO4,1.0,1.0,1.215,0.535,1.4,2.5,3.0,-2.0,0.1542216,0.150078,0.304575,5.6826261,5.9857684,13.618054,5.5,3.0,6.0,train
EuPrAlO4,1.0,1.0,1.2395,0.535,1.4,2.5,3.0,-2.0,0.1810075,0.150078,0.304575,5.5716925,5.9857684,13.618054,7.0,3.0,6.0,train
Rb2MnCl4,1.0,1.0,1.63,0.83,1.81,1.0,2.0,-1.0,0.104686,0.1352844,0.263803,4.177128,7.434018,12.96763,1.0,7.0,7.0,train
K2MgCl4,1.0,1.0,1.55,0.72,1.81,1.0,2.0,-1.0,0.0981896,0.121644,0.263803,4.34066354,7.646235,12.96763,1.0,2.0,7.0,train
Ba2PbO4,1.0,1.0,1.47,0.775,1.4,2.0,4.0,-2.0,0.1586786,0.177911,0.304575,5.211664,7.4166796,13.618054,2.0,4.0,6.0,train
Sr2HfO4,1.0,1.0,1.31,0.71,1.4,2.0,4.0,-2.0,0.1185082,0.229987,0.304575,5.6948672,6.82507,13.618054,2.0,4.0,6.0,train
SrLaScO4,1.0,1.0,1.263,0.745,1.4,2.5,3.0,-2.0,0.1408251,0.1193833,0.304575,5.6358836,6.56149,13.618054,2.5,3.0,6.0,train
K2FeF4,1.0,1.0,1.55,0.78,1.33,1.0,2.0,-1.0,0.0981896,0.1392532,0.344443,4.34066354,7.9024678,17.42282,1.0,8.0,7.0,train
Rb2MgF4,1.0,1.0,1.63,0.72,1.33,1.0,2.0,-1.0,0.104686,0.121644,0.344443,4.177128,7.646235,17.42282,1.0,2.0,7.0,train
Tl2CoF4,1.0,1.0,1.59,0.745,1.33,1.0,2.0,-1.0,0.173447,0.1432363,0.344443,6.108287,7.88101,17.42282,3.0,9.0,7.0,train
K2NiF4,1.0,1.0,1.55,0.69,1.33,1.0,2.0,-1.0,0.0981896,0.1472068,0.344443,4.34066354,7.639877,17.42282,1.0,10.0,7.0,train
K2MnF4,1.0,1.0,1.55,0.83,1.33,1.0,2.0,-1.0,0.0981896,0.1352844,0.344443,4.34066354,7.434018,17.42282,1.0,7.0,7.0,train
Rb2CoF4,1.0,1.0,1.63,0.745,1.33,1.0,2.0,-1.0,0.104686,0.1432363,0.344443,4.177128,7.88101,17.42282,1.0,9.0,7.0,train
Nd2CoO4,1.0,1.0,1.163,0.745,1.4,3.0,2.0,-2.0,0.176539,0.1432363,0.304575,5.525,7.88101,13.618054,6.0,9.0,6.0,train
Rb2MnCl2I2,1.0,1.0,1.63,0.83,2.005,1.0,2.0,-1.0,0.104686,0.1352844,0.2416603,4.177128,7.434018,11.709445,1.0,7.0,7.0,train
Pr2CoO4,1.0,1.0,1.179,0.745,1.4,3.0,2.0,-2.0,0.17208,0.1432363,0.304575,5.473,7.88101,13.618054,5.0,9.0,6.0,train
Ba2RuO4,1.0,1.0,1.47,0.62,1.4,2.0,4.0,-2.0,0.1586786,0.1376494,0.304575,5.211664,7.3605,13.618054,2.0,8.0,6.0,train
Co2RuO4,0.0,1.0,0.9,0.62,1.4,2.0,4.0,-2.0,0.1432363,0.1376494,0.304575,7.88101,7.3605,13.618054,9.0,8.0,6.0,train
Co2SiO4,0.0,1.0,0.9,0.4,1.4,2.0,4.0,-2.0,0.1432363,0.178503,0.304575,7.88101,8.151683,13.618054,9.0,4.0,6.0,train
Co2SnO4,0.0,1.0,0.9,0.69,1.4,2.0,4.0,-2.0,0.1432363,0.178052,0.304575,7.88101,7.343917,13.618054,9.0,4.0,6.0,train
Na2BeCl4,0.0,1.0,1.24,0.45,1.81,1.0,2.0,-1.0,0.093214,0.144986,0.263803,5.1390767,9.322699,12.96763,1.0,2.0,7.0,train
Cs2BeCl4,0.0,1.0,1.78,0.45,1.81,1.0,2.0,-1.0,0.1542125,0.144986,0.263803,3.893905548,9.322699,12.96763,1.0,2.0,7.0,train
Ba2TiS4,0.0,1.0,1.47,0.605,1.84,2.0,4.0,-2.0,0.1586786,0.1233637,0.23596,5.211664,6.82812,10.36001,2.0,4.0,6.0,train
Ba2SiS4,0.0,1.0,1.47,0.4,1.84,2.0,4.0,-2.0,0.1586786,0.178503,0.23596,5.211664,8.151683,10.36001,2.0,4.0,6.0,train
Ba2SiO4,0.0,1.0,1.47,0.4,1.4,2.0,4.0,-2.0,0.1586786,0.178503,0.304575,5.211664,8.151683,13.618054,2.0,4.0,6.0,train
Ba2GeS4,0.0,1.0,1.47,0.53,1.84,2.0,4.0,-2.0,0.1586786,0.1895892,0.23596,5.211664,7.899435,10.36001,2.0,4.0,6.0,train
Ba2GeO4,0.0,1.0,1.47,0.53,1.4,2.0,4.0,-2.0,0.1586786,0.1895892,0.304575,5.211664,7.899435,13.618054,2.0,4.0,6.0,train
K2BeCl4,0.0,1.0,1.55,0.45,1.81,1.0,2.0,-1.0,0.0981896,0.144986,0.263803,4.34066354,9.322699,12.96763,1.0,2.0,7.0,train
Ca2GeS4,0.0,1.0,1.18,0.53,1.84,2.0,4.0,-2.0,0.1154119,0.1895892,0.23596,6.1131552,7.899435,10.36001,2.0,4.0,6.0,train
Cs2ZnI4,0.0,1.0,1.78,0.74,2.2,1.0,2.0,-1.0,0.1542125,0.1551518,0.2195175999999999,3.893905548,9.394199,10.45126,1.0,12.0,7.0,train
Rb2ZnBr4,0.0,1.0,1.63,0.74,1.96,1.0,2.0,-1.0,0.104686,0.1551518,0.2412578,4.177128,9.394199,11.81381,1.0,12.0,7.0,train
Rb2CoCl4,0.0,1.0,1.63,0.745,1.81,1.0,2.0,-1.0,0.104686,0.1432363,0.263803,4.177128,7.88101,12.96763,1.0,9.0,7.0,train
K2BaCl4,0.0,1.0,1.55,1.35,1.81,1.0,2.0,-1.0,0.0981896,0.1586786,0.263803,4.34066354,5.211664,12.96763,1.0,2.0,7.0,train
Rb2BaBr4,0.0,1.0,1.63,1.35,1.96,1.0,2.0,-1.0,0.104686,0.1586786,0.2412578,4.177128,5.211664,11.81381,1.0,2.0,7.0,train
Ho2CdS4,0.0,1.0,1.072,0.95,1.84,3.0,2.0,-2.0,0.207795,0.1504066,0.23596,6.0215,8.993822,10.36001,13.0,12.0,6.0,train
La2CdS4,0.0,1.0,1.216,0.95,1.84,3.0,2.0,-2.0,0.163142,0.1504066,0.23596,5.5769,8.993822,10.36001,3.0,12.0,6.0,train
Co2RhS4,0.0,1.0,0.9,0.6,1.84,2.0,4.0,-2.0,0.1432363,0.1408379,0.23596,7.88101,7.4589,10.36001,9.0,9.0,6.0,train
Co2VO4,0.0,1.0,0.9,0.58,1.4,2.0,4.0,-2.0,0.1432363,0.1273344,0.304575,7.88101,6.746187,13.618054,9.0,5.0,6.0,train
Co2TiO4,0.0,1.0,0.9,0.605,1.4,2.0,4.0,-2.0,0.1432363,0.1233637,0.304575,7.88101,6.82812,13.618054,9.0,4.0,6.0,train
Co2TcO4,0.0,1.0,0.9,0.645,1.4,2.0,4.0,-2.0,0.1432363,0.1344592,0.304575,7.88101,7.119381,13.618054,9.0,7.0,6.0,train
Cs2HgCl4,0.0,1.0,1.78,1.02,1.81,1.0,2.0,-1.0,0.1542125,0.169,0.263803,3.893905548,10.437504,12.96763,1.0,12.0,7.0,train
Rb2BaCl4,0.0,1.0,1.63,1.35,1.81,1.0,2.0,-1.0,0.104686,0.1586786,0.263803,4.177128,5.211664,12.96763,1.0,2.0,7.0,train
Sm2CdS4,0.0,1.0,1.132,0.95,1.84,3.0,2.0,-2.0,0.185468,0.1504066,0.23596,5.64371,8.993822,10.36001,8.0,12.0,6.0,train
Cs2WSe4,0.0,1.0,1.78,0.6,1.98,1.0,6.0,-2.0,0.1542125,0.2390504,0.2240328,3.893905548,7.86403,9.752392,1.0,6.0,6.0,train
Zn2GeO4,0.0,1.0,0.9,0.53,1.4,2.0,4.0,-2.0,0.1551518,0.1895892,0.304575,9.394199,7.899435,13.618054,12.0,4.0,6.0,train
Lu2FeS4,0.0,1.0,1.032,0.78,1.84,3.0,2.0,-2.0,0.22565,0.1392532,0.23596,5.425871,7.9024678,10.36001,17.0,8.0,6.0,train
In2FeS4,0.0,1.0,0.92,0.78,1.84,3.0,2.0,-2.0,0.16423,0.1392532,0.23596,5.7863552,7.9024678,10.36001,3.0,8.0,6.0,train
Fe2GeSe4,0.0,1.0,0.92,0.53,1.98,2.0,4.0,-2.0,0.1392532,0.1895892,0.2240328,7.9024678,7.899435,9.752392,8.0,4.0,6.0,train
Fe2TiO4,0.0,1.0,0.92,0.605,1.4,2.0,4.0,-2.0,0.1392532,0.1233637,0.304575,7.9024678,6.82812,13.618054,8.0,4.0,6.0,train
Mn2GeS4,0.0,1.0,0.96,0.53,1.84,2.0,4.0,-2.0,0.1352844,0.1895892,0.23596,7.434018,7.899435,10.36001,7.0,4.0,6.0,train
Mn2GeSe4,0.0,1.0,0.96,0.53,1.98,2.0,4.0,-2.0,0.1352844,0.1895892,0.2240328,7.434018,7.899435,9.752392,7.0,4.0,6.0,train
La2SrS4,0.0,1.0,1.216,1.18,1.84,3.0,2.0,-2.0,0.163142,0.1185082,0.23596,5.5769,5.6948672,10.36001,3.0,2.0,6.0,train
La2PbSe4,0.0,1.0,1.216,1.19,1.98,3.0,2.0,-2.0,0.163142,0.177911,0.2240328,5.5769,7.4166796,9.752392,3.0,4.0,6.0,train
La2PbS4,0.0,1.0,1.216,1.19,1.84,3.0,2.0,-2.0,0.163142,0.177911,0.23596,5.5769,7.4166796,10.36001,3.0,4.0,6.0,train
Sr2NiO2Cl2,0.0,1.0,1.31,0.69,1.605,2.0,2.0,-1.5,0.1185082,0.1472068,0.284189,5.6948672,7.639877,13.292842,2.0,10.0,6.5,train
K2WSe4,0.0,1.0,1.55,0.6,1.98,1.0,6.0,-2.0,0.0981896,0.2390504,0.2240328,4.34066354,7.86403,9.752392,1.0,6.0,6.0,train
K2MoS4,0.0,1.0,1.55,0.59,1.84,1.0,6.0,-2.0,0.0981896,0.1312672,0.23596,4.34066354,7.09243,10.36001,1.0,6.0,6.0,train
In2MnSe4,0.0,1.0,0.92,0.83,1.98,3.0,2.0,-2.0,0.16423,0.1352844,0.2240328,5.7863552,7.434018,9.752392,3.0,7.0,6.0,train
In2MnS4,0.0,1.0,0.92,0.83,1.84,3.0,2.0,-2.0,0.16423,0.1352844,0.23596,5.7863552,7.434018,10.36001,3.0,7.0,6.0,train
In2MnO4,0.0,1.0,0.92,0.83,1.4,3.0,2.0,-2.0,0.16423,0.1352844,0.304575,5.7863552,7.434018,13.618054,3.0,7.0,6.0,train
Li2MoO4,0.0,1.0,0.92,0.59,1.4,1.0,6.0,-2.0,0.105093,0.1312672,0.304575,5.391714761,7.09243,13.618054,1.0,6.0,6.0,train
Cs2MnBr4,0.0,1.0,1.78,0.83,1.96,1.0,2.0,-1.0,0.1542125,0.1352844,0.2412578,3.893905548,7.434018,11.81381,1.0,7.0,7.0,train
Cs2ZnBr4,0.0,1.0,1.78,0.74,1.96,1.0,2.0,-1.0,0.1542125,0.1551518,0.2412578,3.893905548,9.394199,11.81381,1.0,12.0,7.0,train
Zn2SnO4,0.0,1.0,0.9,0.69,1.4,2.0,4.0,-2.0,0.1551518,0.178052,0.304575,9.394199,7.343917,13.618054,12.0,4.0,6.0,train
LuNaSiO4,0.0,1.0,1.136,0.4,1.4,2.0,4.0,-2.0,0.159432,0.178503,0.304575,5.28247385,8.151683,13.618054,9.0,4.0,6.0,train
LiTmSiO4,0.0,1.0,0.986,0.4,1.4,2.0,4.0,-2.0,0.1609087,0.178503,0.304575,5.788012381,8.151683,13.618054,8.0,4.0,6.0,train
LiInSiO4,0.0,1.0,0.92,0.4,1.4,2.0,4.0,-2.0,0.1346615,0.178503,0.304575,5.589034981,8.151683,13.618054,2.0,4.0,6.0,train
NaYbGeO4,0.0,1.0,1.141,0.53,1.4,2.0,4.0,-2.0,0.157202,0.1895892,0.304575,5.69661835,7.899435,13.618054,8.5,4.0,6.0,train
MgMnSiO4,0.0,1.0,0.925,0.4,1.4,2.0,4.0,-2.0,0.1284642,0.178503,0.304575,7.5401265,8.151683,13.618054,4.5,4.0,6.0,train
NaYGeO4,0.0,1.0,1.1575,0.53,1.4,2.0,4.0,-2.0,0.1074563,0.1895892,0.304575,5.67816835,7.899435,13.618054,2.0,4.0,6.0,train
NaTbGeO4,0.0,1.0,1.1675,0.53,1.4,2.0,4.0,-2.0,0.1460385,0.1895892,0.304575,5.50143835,7.899435,13.618054,6.0,4.0,6.0,train
NaSmGeO4,0.0,1.0,1.186,0.53,1.4,2.0,4.0,-2.0,0.139341,0.1895892,0.304575,5.39139335,7.899435,13.618054,4.5,4.0,6.0,train
MnZnGeO4,0.0,1.0,0.93,0.53,1.4,2.0,4.0,-2.0,0.1452181,0.1895892,0.304575,8.4141085,7.899435,13.618054,9.5,4.0,6.0,train
MnNiGeS4,0.0,1.0,0.825,0.53,1.84,2.0,4.0,-2.0,0.1412456,0.1895892,0.23596,7.5369475,7.899435,10.36001,8.5,4.0,6.0,train
MgMnGeO4,0.0,1.0,0.925,0.53,1.4,2.0,4.0,-2.0,0.1284642,0.1895892,0.304575,7.5401265,7.899435,13.618054,4.5,4.0,6.0,train
LuNaGeO4,0.0,1.0,1.136,0.53,1.4,2.0,4.0,-2.0,0.159432,0.1895892,0.304575,5.28247385,7.899435,13.618054,9.0,4.0,6.0,train
NaTmGeO4,0.0,1.0,1.146,0.53,1.4,2.0,4.0,-2.0,0.1549692,0.1895892,0.304575,5.66169335,7.899435,13.618054,8.0,4.0,6.0,train
NaSrVO4,0.0,1.0,1.275,0.54,1.4,1.5,5.0,-2.0,0.1058611,0.1273344,0.304575,5.41697195,6.746187,13.618054,1.5,5.0,6.0,train
Ag2MoO4,0.0,1.0,1.28,0.59,1.4,1.0,6.0,-2.0,0.1472165,0.1312672,0.304575,7.576234,7.09243,13.618054,11.0,6.0,6.0,train
Cs2WS4,0.0,1.0,1.78,0.6,1.84,1.0,6.0,-2.0,0.1542125,0.2390504,0.23596,3.893905548,7.86403,10.36001,1.0,6.0,6.0,train
Fe2CuO4,0.0,1.0,0.78,0.73,1.4,3.0,2.0,-2.0,0.1392532,0.1511716,0.304575,7.9024678,7.72638,13.618054,8.0,11.0,6.0,train
EuPrCuO4,0.0,1.0,1.1495000000000002,0.73,1.4,3.0,2.0,-2.0,0.1810075,0.1511716,0.304575,5.5716925,7.72638,13.618054,7.0,11.0,6.0,train
SmGdCuO4,0.0,1.0,1.1195,0.73,1.4,3.0,2.0,-2.0,0.189934,0.1511716,0.304575,5.896753,7.72638,13.618054,9.0,11.0,6.0,train
PrGdCuO4,0.0,1.0,1.143,0.73,1.4,3.0,2.0,-2.0,0.18324,0.1511716,0.304575,5.811398,7.72638,13.618054,7.5,11.0,6.0,train
Pr2CaS4,0.0,1.0,1.179,1.0,1.84,3.0,2.0,-2.0,0.17208,0.1154119,0.23596,5.473,6.1131552,10.36001,5.0,2.0,6.0,train
Eu2CuO4,0.0,1.0,1.12,0.73,1.4,3.0,2.0,-2.0,0.189935,0.1511716,0.304575,5.670385,7.72638,13.618054,9.0,11.0,6.0,train
Yb2CaS4,0.0,1.0,1.042,1.0,1.84,3.0,2.0,-2.0,0.22119,0.1154119,0.23596,6.25416,6.1131552,10.36001,16.0,2.0,6.0,train
Tl2CoBr4,0.0,1.0,1.59,0.745,1.96,1.0,2.0,-1.0,0.173447,0.1432363,0.2412578,6.108287,7.88101,11.81381,3.0,9.0,7.0,train
K2CoBr4,0.0,1.0,1.55,0.745,1.96,1.0,2.0,-1.0,0.0981896,0.1432363,0.2412578,4.34066354,7.88101,11.81381,1.0,9.0,7.0,train
Bi2YbTe4,0.0,1.0,1.17,1.02,2.21,3.0,2.0,-2.0,0.182377,0.22119,0.2056992,7.285516,6.25416,9.00966,5.0,16.0,6.0,train
Bi2EuTe4,0.0,1.0,1.17,1.17,2.21,3.0,2.0,-2.0,0.182377,0.189935,0.2056992,7.285516,5.670385,9.00966,5.0,9.0,6.0,train
Rh2BeO4,0.0,1.0,0.665,0.45,1.4,3.0,2.0,-2.0,0.1408379,0.144986,0.304575,7.4589,9.322699,13.618054,9.0,2.0,6.0,train
NdGaCuO4,0.0,1.0,0.8915,0.73,1.4,3.0,2.0,-2.0,0.17445815,0.1511716,0.304575,5.7621509,7.72638,13.618054,4.5,11.0,6.0,train
EuNdCuO4,0.0,1.0,1.1415000000000002,0.73,1.4,3.0,2.0,-2.0,0.183237,0.1511716,0.304575,5.5976925,7.72638,13.618054,7.5,11.0,6.0,train
Ho2CaS4,0.0,1.0,1.072,1.0,1.84,3.0,2.0,-2.0,0.207795,0.1154119,0.23596,6.0215,6.1131552,10.36001,13.0,2.0,6.0,train
EuGdCuO4,0.0,1.0,1.1135000000000002,0.73,1.4,3.0,2.0,-2.0,0.1921675,0.1511716,0.304575,5.9100905,7.72638,13.618054,9.5,11.0,6.0,train
Nd2CaS4,0.0,1.0,1.163,1.0,1.84,3.0,2.0,-2.0,0.176539,0.1154119,0.23596,5.525,6.1131552,10.36001,6.0,2.0,6.0,train
Rb2BeF4,0.0,1.0,1.63,0.45,1.33,1.0,2.0,-1.0,0.104686,0.144986,0.344443,4.177128,9.322699,17.42282,1.0,2.0,7.0,train
K2BeF4,0.0,1.0,1.55,0.45,1.33,1.0,2.0,-1.0,0.0981896,0.144986,0.344443,4.34066354,9.322699,17.42282,1.0,2.0,7.0,train
Cs2BeF4,0.0,1.0,1.78,0.45,1.33,1.0,2.0,-1.0,0.1542125,0.144986,0.344443,3.893905548,9.322699,17.42282,1.0,2.0,7.0,train
Cr2BeO4,0.0,1.0,0.615,0.45,1.4,3.0,2.0,-2.0,0.1313053,0.144986,0.304575,6.76651,9.322699,13.618054,6.0,2.0,6.0,train
Ho2CuO4,0.0,1.0,1.072,0.73,1.4,3.0,2.0,-2.0,0.207795,0.1511716,0.304575,6.0215,7.72638,13.618054,13.0,11.0,6.0,train
In2CuO4,0.0,1.0,0.92,0.73,1.4,3.0,2.0,-2.0,0.16423,0.1511716,0.304575,5.7863552,7.72638,13.618054,3.0,11.0,6.0,train
Sm2CuO4,0.0,1.0,1.132,0.73,1.4,3.0,2.0,-2.0,0.185468,0.1511716,0.304575,5.64371,7.72638,13.618054,8.0,11.0,6.0,train
Tm2CuO4,0.0,1.0,1.052,0.73,1.4,3.0,2.0,-2.0,0.2167244,0.1511716,0.304575,6.18431,7.72638,13.618054,15.0,11.0,6.0,train
Y2CuO4,0.0,1.0,1.075,0.73,1.4,3.0,2.0,-2.0,0.1216986,0.1511716,0.304575,6.21726,7.72638,13.618054,3.0,11.0,6.0,train
Gd2PdO4,0.0,1.0,1.107,0.86,1.4,3.0,2.0,-2.0,0.1944,0.1440276,0.304575,6.149796,8.33686,13.618054,10.0,10.0,6.0,train
Gd2CuO4,0.0,1.0,1.107,0.73,1.4,3.0,2.0,-2.0,0.1944,0.1511716,0.304575,6.149796,7.72638,13.618054,10.0,11.0,6.0,train
La2PdO4,0.0,1.0,1.216,0.86,1.4,3.0,2.0,-2.0,0.163142,0.1440276,0.304575,5.5769,8.33686,13.618054,3.0,10.0,6.0,train
Nd2PdO4,0.0,1.0,1.163,0.86,1.4,3.0,2.0,-2.0,0.176539,0.1440276,0.304575,5.525,8.33686,13.618054,6.0,10.0,6.0,train
Rb2CoBr4,0.0,1.0,1.63,0.745,1.96,1.0,2.0,-1.0,0.104686,0.1432363,0.2412578,4.177128,7.88101,11.81381,1.0,9.0,7.0,train
La2CaS4,0.0,1.0,1.216,1.0,1.84,3.0,2.0,-2.0,0.163142,0.1154119,0.23596,5.5769,6.1131552,10.36001,3.0,2.0,6.0,train
Cu2GeO4,0.0,1.0,0.73,0.53,1.4,2.0,4.0,-2.0,0.1511716,0.1895892,0.304575,7.72638,7.899435,13.618054,11.0,4.0,6.0,train
Rb2CoI4,0.0,1.0,1.63,0.745,2.2,1.0,2.0,-1.0,0.104686,0.1432363,0.2195175999999999,4.177128,7.88101,10.45126,1.0,9.0,7.0,train
Fe2CoO4,0.0,1.0,0.78,0.745,1.4,3.0,2.0,-2.0,0.1392532,0.1432363,0.304575,7.9024678,7.88101,13.618054,8.0,9.0,6.0,train
Cs2CoI4,0.0,1.0,1.78,0.745,2.2,1.0,2.0,-1.0,0.1542125,0.1432363,0.2195175999999999,3.893905548,7.88101,10.45126,1.0,9.0,7.0,train
Rb2ZnCl4,0.0,1.0,1.63,0.74,1.81,1.0,2.0,-1.0,0.104686,0.1551518,0.263803,4.177128,9.394199,12.96763,1.0,12.0,7.0,train
Na2ZnCl4,0.0,1.0,1.24,0.74,1.81,1.0,2.0,-1.0,0.093214,0.1551518,0.263803,5.1390767,9.394199,12.96763,1.0,12.0,7.0,train
Gd2CrS4,0.0,1.0,1.107,0.8,1.84,3.0,2.0,-2.0,0.1944,0.1313053,0.23596,6.149796,6.76651,10.36001,10.0,6.0,6.0,train
Pr2EuS4,0.0,1.0,1.179,1.17,1.84,3.0,2.0,-2.0,0.17208,0.189935,0.23596,5.473,5.670385,10.36001,5.0,9.0,6.0,train
Eu2ZnO4,0.0,1.0,1.12,0.74,1.4,3.0,2.0,-2.0,0.189935,0.1551518,0.304575,5.670385,9.394199,13.618054,9.0,12.0,6.0,train
Eu2SiO4,0.0,1.0,1.3,0.4,1.4,2.0,4.0,-2.0,0.189935,0.178503,0.304575,5.670385,8.151683,13.618054,9.0,4.0,6.0,train
La2EuSe4,0.0,1.0,1.216,1.17,1.98,3.0,2.0,-2.0,0.163142,0.189935,0.2240328,5.5769,5.670385,9.752392,3.0,9.0,6.0,train
Er2ZnS4,0.0,1.0,1.062,0.74,1.84,3.0,2.0,-2.0,0.212261,0.1551518,0.23596,6.1077,9.394199,10.36001,14.0,12.0,6.0,train
Er2MgSe4,0.0,1.0,1.062,0.72,1.98,3.0,2.0,-2.0,0.212261,0.121644,0.2240328,6.1077,7.646235,9.752392,14.0,2.0,6.0,train
Dy2YbS4,0.0,1.0,1.083,1.02,1.84,3.0,2.0,-2.0,0.20333,0.22119,0.23596,5.93905,6.25416,10.36001,12.0,16.0,6.0,train
Co2GeO4,0.0,1.0,0.9,0.53,1.4,2.0,4.0,-2.0,0.1432363,0.1895892,0.304575,7.88101,7.899435,13.618054,9.0,4.0,6.0,train
In2CoS4,0.0,1.0,0.92,0.745,1.84,3.0,2.0,-2.0,0.16423,0.1432363,0.23596,5.7863552,7.88101,10.36001,3.0,9.0,6.0,train
Lu2CaO4,0.0,1.0,1.032,1.0,1.4,3.0,2.0,-2.0,0.22565,0.1154119,0.304575,5.425871,6.1131552,13.618054,17.0,2.0,6.0,train
Ni2CoS4,0.0,1.0,0.69,0.53,1.84,2.0,4.0,-2.0,0.1472068,0.1432363,0.23596,7.639877,7.88101,10.36001,10.0,9.0,6.0,train
Gd2CdTe4,0.0,1.0,1.107,0.95,2.21,3.0,2.0,-2.0,0.1944,0.1504066,0.2056992,6.149796,8.993822,9.00966,10.0,12.0,6.0,train
Gd2CdSe4,0.0,1.0,1.107,0.95,1.98,3.0,2.0,-2.0,0.1944,0.1504066,0.2240328,6.149796,8.993822,9.752392,10.0,12.0,6.0,train
Gd2CdS4,0.0,1.0,1.107,0.95,1.84,3.0,2.0,-2.0,0.1944,0.1504066,0.23596,6.149796,8.993822,10.36001,10.0,12.0,6.0,train
Er2CdS4,0.0,1.0,1.062,0.95,1.84,3.0,2.0,-2.0,0.212261,0.1504066,0.23596,6.1077,8.993822,10.36001,14.0,12.0,6.0,train
Dy2CdTe4,0.0,1.0,1.083,0.95,2.21,3.0,2.0,-2.0,0.20333,0.1504066,0.2056992,5.93905,8.993822,9.00966,12.0,12.0,6.0,train
Dy2CdSe4,0.0,1.0,1.083,0.95,1.98,3.0,2.0,-2.0,0.20333,0.1504066,0.2240328,5.93905,8.993822,9.752392,12.0,12.0,6.0,train
Li2ZnI4,0.0,1.0,0.92,0.74,2.2,1.0,2.0,-1.0,0.105093,0.1551518,0.2195175999999999,5.391714761,9.394199,10.45126,1.0,12.0,7.0,train
Cd2GeO4,0.0,1.0,1.1,0.53,1.4,2.0,4.0,-2.0,0.1504066,0.1895892,0.304575,8.993822,7.899435,13.618054,12.0,4.0,6.0,train
Cs2BaBr4,0.0,1.0,1.78,1.35,1.96,1.0,2.0,-1.0,0.1542125,0.1586786,0.2412578,3.893905548,5.211664,11.81381,1.0,2.0,7.0,train
Cs2BaCl4,0.0,1.0,1.78,1.35,1.81,1.0,2.0,-1.0,0.1542125,0.1586786,0.263803,3.893905548,5.211664,12.96763,1.0,2.0,7.0,train
Rb2MnI4,0.0,1.0,1.63,0.83,2.2,1.0,2.0,-1.0,0.104686,0.1352844,0.2195175999999999,4.177128,7.434018,10.45126,1.0,7.0,7.0,train
FeMnSiO4,0.0,1.0,0.94,0.4,1.4,2.0,4.0,-2.0,0.1372688,0.178503,0.304575,7.6682429,8.151683,13.618054,7.5,4.0,6.0,train
Ho2YbS4,0.0,1.0,1.072,1.02,1.84,3.0,2.0,-2.0,0.207795,0.22119,0.23596,6.0215,6.25416,10.36001,13.0,16.0,6.0,train
Rb2MoSe4,0.0,1.0,1.63,0.59,1.98,1.0,6.0,-2.0,0.104686,0.1312672,0.2240328,4.177128,7.09243,9.752392,1.0,6.0,6.0,train
Mn2SiS4,0.0,1.0,0.96,0.4,1.84,2.0,4.0,-2.0,0.1352844,0.178503,0.23596,7.434018,8.151683,10.36001,7.0,4.0,6.0,train
Tm2MnS4,0.0,1.0,1.052,0.83,1.84,3.0,2.0,-2.0,0.2167244,0.1352844,0.23596,6.18431,7.434018,10.36001,15.0,7.0,6.0,train
Yb2MnS4,0.0,1.0,1.042,0.83,1.84,3.0,2.0,-2.0,0.22119,0.1352844,0.23596,6.25416,7.434018,10.36001,16.0,7.0,6.0,train
Sc2MnSe4,0.0,1.0,0.87,0.83,1.98,3.0,2.0,-2.0,0.1193833,0.1352844,0.2240328,6.56149,7.434018,9.752392,3.0,7.0,6.0,train
Mn2SiSe4,0.0,1.0,0.96,0.4,1.98,2.0,4.0,-2.0,0.1352844,0.178503,0.2240328,7.434018,8.151683,9.752392,7.0,4.0,6.0,train
Yb2MnSe4,0.0,1.0,1.042,0.83,1.98,3.0,2.0,-2.0,0.22119,0.1352844,0.2240328,6.25416,7.434018,9.752392,16.0,7.0,6.0,train
Rb2MoS4,0.0,1.0,1.63,0.59,1.84,1.0,6.0,-2.0,0.104686,0.1312672,0.23596,4.177128,7.09243,10.36001,1.0,6.0,6.0,train
Na2WO4,0.0,1.0,1.24,0.6,1.4,1.0,6.0,-2.0,0.093214,0.2390504,0.304575,5.1390767,7.86403,13.618054,1.0,6.0,6.0,train
Ho2MgSe4,0.0,1.0,1.072,0.72,1.98,3.0,2.0,-2.0,0.207795,0.121644,0.2240328,6.0215,7.646235,9.752392,13.0,2.0,6.0,train
V2FeO4,0.0,1.0,0.79,0.645,1.4,2.5,3.0,-2.0,0.1273344,0.1392532,0.304575,6.746187,7.9024678,13.618054,5.0,8.0,6.0,train
Fe2SiO4,0.0,1.0,0.92,0.4,1.4,2.0,4.0,-2.0,0.1392532,0.178503,0.304575,7.9024678,8.151683,13.618054,8.0,4.0,6.0,train
Tb2CdS4,0.0,1.0,1.095,0.95,1.84,3.0,2.0,-2.0,0.198863,0.1504066,0.23596,5.8638,8.993822,10.36001,11.0,12.0,6.0,train
La2CdSe4,0.0,1.0,1.216,0.95,1.98,3.0,2.0,-2.0,0.163142,0.1504066,0.2240328,5.5769,8.993822,9.752392,3.0,12.0,6.0,train
Lu2CdS4,0.0,1.0,1.032,0.95,1.84,3.0,2.0,-2.0,0.22565,0.1504066,0.23596,5.425871,8.993822,10.36001,17.0,12.0,6.0,train
Mn2VO4,0.0,1.0,0.96,0.58,1.4,2.0,4.0,-2.0,0.1352844,0.1273344,0.304575,7.434018,6.746187,13.618054,7.0,5.0,6.0,train
Lu2MgSe4,0.0,1.0,1.032,0.72,1.98,3.0,2.0,-2.0,0.22565,0.121644,0.2240328,5.425871,7.646235,9.752392,17.0,2.0,6.0,train
Zn2PtO4,0.0,1.0,0.9,0.625,1.4,2.0,4.0,-2.0,0.1551518,0.25691,0.304575,9.394199,8.95883,13.618054,12.0,10.0,6.0,train
Ni2SnO4,0.0,1.0,0.69,0.69,1.4,2.0,4.0,-2.0,0.1472068,0.178052,0.304575,7.639877,7.343917,13.618054,10.0,4.0,6.0,train
Ni2SiO4,0.0,1.0,0.69,0.4,1.4,2.0,4.0,-2.0,0.1472068,0.178503,0.304575,7.639877,8.151683,13.618054,10.0,4.0,6.0,train
Nd2ZnS4,0.0,1.0,1.163,0.74,1.84,3.0,2.0,-2.0,0.176539,0.1551518,0.23596,5.525,9.394199,10.36001,6.0,12.0,6.0,train
Nd2YbS4,0.0,1.0,1.163,1.02,1.84,3.0,2.0,-2.0,0.176539,0.22119,0.23596,5.525,6.25416,10.36001,6.0,16.0,6.0,train
Mg2GeS4,0.0,1.0,0.89,0.53,1.84,2.0,4.0,-2.0,0.121644,0.1895892,0.23596,7.646235,7.899435,10.36001,2.0,4.0,6.0,train
Sc2FeS4,0.0,1.0,0.87,0.78,1.84,3.0,2.0,-2.0,0.1193833,0.1392532,0.23596,6.56149,7.9024678,10.36001,3.0,8.0,6.0,train
Fe2SiS4,0.0,1.0,0.92,0.4,1.84,2.0,4.0,-2.0,0.1392532,0.178503,0.23596,7.9024678,8.151683,10.36001,8.0,4.0,6.0,train
Fe2SnS4,0.0,1.0,0.92,0.69,1.84,2.0,4.0,-2.0,0.1392532,0.178052,0.23596,7.9024678,7.343917,10.36001,8.0,4.0,6.0,train
Gd2ZnS4,0.0,1.0,1.107,0.74,1.84,3.0,2.0,-2.0,0.1944,0.1551518,0.23596,6.149796,9.394199,10.36001,10.0,12.0,6.0,train
Mg2GeO4,0.0,1.0,0.89,0.53,1.4,2.0,4.0,-2.0,0.121644,0.1895892,0.304575,7.646235,7.899435,13.618054,2.0,4.0,6.0,train
La2SrSe4,0.0,1.0,1.216,1.18,1.98,3.0,2.0,-2.0,0.163142,0.1185082,0.2240328,5.5769,5.6948672,9.752392,3.0,2.0,6.0,train
K2PbCl4,0.0,1.0,1.55,1.19,1.81,1.0,2.0,-1.0,0.0981896,0.177911,0.263803,4.34066354,7.4166796,12.96763,1.0,4.0,7.0,train
K2EuCl4,0.0,1.0,1.55,1.17,1.81,1.0,2.0,-1.0,0.0981896,0.189935,0.263803,4.34066354,5.670385,12.96763,1.0,9.0,7.0,train
Cd2SnO4,0.0,1.0,1.1,0.69,1.4,2.0,4.0,-2.0,0.1504066,0.178052,0.304575,8.993822,7.343917,13.618054,12.0,4.0,6.0,train
K2SrCl4,0.0,1.0,1.55,1.18,1.81,1.0,2.0,-1.0,0.0981896,0.1185082,0.263803,4.34066354,5.6948672,12.96763,1.0,2.0,7.0,train
Ce2PbS4,0.0,1.0,1.196,1.19,1.84,3.0,2.0,-2.0,0.16761,0.177911,0.23596,5.5386,7.4166796,10.36001,4.0,4.0,6.0,train
Ce2EuSe4,0.0,1.0,1.196,1.17,1.98,3.0,2.0,-2.0,0.16761,0.189935,0.2240328,5.5386,5.670385,9.752392,4.0,9.0,6.0,train
Rb2CrO4,0.0,1.0,1.63,0.44,1.4,1.0,6.0,-2.0,0.104686,0.1313053,0.304575,4.177128,6.76651,13.618054,1.0,6.0,6.0,train
Li2ZnCl4,0.0,1.0,0.92,0.74,1.81,1.0,2.0,-1.0,0.105093,0.1551518,0.263803,5.391714761,9.394199,12.96763,1.0,12.0,7.0,train
Li2VCl4,0.0,1.0,0.92,0.79,1.81,1.0,2.0,-1.0,0.105093,0.1273344,0.263803,5.391714761,6.746187,12.96763,1.0,5.0,7.0,train
Li2MgCl4,0.0,1.0,0.92,0.72,1.81,1.0,2.0,-1.0,0.105093,0.121644,0.263803,5.391714761,7.646235,12.96763,1.0,2.0,7.0,train
K2ZnCl4,0.0,1.0,1.55,0.74,1.81,1.0,2.0,-1.0,0.0981896,0.1551518,0.263803,4.34066354,9.394199,12.96763,1.0,12.0,7.0,train
Y2CdSe4,0.0,1.0,1.075,0.95,1.98,3.0,2.0,-2.0,0.1216986,0.1504066,0.2240328,6.21726,8.993822,9.752392,3.0,12.0,6.0,train
Tm2CdSe4,0.0,1.0,1.052,0.95,1.98,3.0,2.0,-2.0,0.2167244,0.1504066,0.2240328,6.18431,8.993822,9.752392,15.0,12.0,6.0,train
Tb2CdSe4,0.0,1.0,1.095,0.95,1.98,3.0,2.0,-2.0,0.198863,0.1504066,0.2240328,5.8638,8.993822,9.752392,11.0,12.0,6.0,train
Sm2CdSe4,0.0,1.0,1.132,0.95,1.98,3.0,2.0,-2.0,0.185468,0.1504066,0.2240328,5.64371,8.993822,9.752392,8.0,12.0,6.0,train
Yb2CdS4,0.0,1.0,1.042,0.95,1.84,3.0,2.0,-2.0,0.22119,0.1504066,0.23596,6.25416,8.993822,10.36001,16.0,12.0,6.0,train
Pr2CdSe4,0.0,1.0,1.179,0.95,1.98,3.0,2.0,-2.0,0.17208,0.1504066,0.2240328,5.473,8.993822,9.752392,5.0,12.0,6.0,train
Pr2CdS4,0.0,1.0,1.179,0.95,1.84,3.0,2.0,-2.0,0.17208,0.1504066,0.23596,5.473,8.993822,10.36001,5.0,12.0,6.0,train
Nd2CdSe4,0.0,1.0,1.163,0.95,1.98,3.0,2.0,-2.0,0.176539,0.1504066,0.2240328,5.525,8.993822,9.752392,6.0,12.0,6.0,train
Nd2CdS4,0.0,1.0,1.163,0.95,1.84,3.0,2.0,-2.0,0.176539,0.1504066,0.23596,5.525,8.993822,10.36001,6.0,12.0,6.0,train
Tl2CoCl4,0.0,1.0,1.59,0.745,1.81,1.0,2.0,-1.0,0.173447,0.1432363,0.263803,6.108287,7.88101,12.96763,3.0,9.0,7.0,train
Na2CoCl4,0.0,1.0,1.24,0.745,1.81,1.0,2.0,-1.0,0.093214,0.1432363,0.263803,5.1390767,7.88101,12.96763,1.0,9.0,7.0,train
Li2CoCl4,0.0,1.0,0.92,0.745,1.81,1.0,2.0,-1.0,0.105093,0.1432363,0.263803,5.391714761,7.88101,12.96763,1.0,9.0,7.0,train
Cs2CoCl4,0.0,1.0,1.78,0.745,1.81,1.0,2.0,-1.0,0.1542125,0.1432363,0.263803,3.893905548,7.88101,12.96763,1.0,9.0,7.0,train
Ce2YbS4,0.0,1.0,1.196,1.02,1.84,3.0,2.0,-2.0,0.16761,0.22119,0.23596,5.5386,6.25416,10.36001,4.0,16.0,6.0,train
Ce2SrS4,0.0,1.0,1.196,1.18,1.84,3.0,2.0,-2.0,0.16761,0.1185082,0.23596,5.5386,5.6948672,10.36001,4.0,2.0,6.0,train
Sm2CeS4,0.0,1.0,1.32,1.01,1.84,2.5,3.0,-2.0,0.185468,0.16761,0.23596,5.64371,5.5386,10.36001,8.0,4.0,6.0,train
Lu2CdSe4,0.0,1.0,1.032,0.95,1.98,3.0,2.0,-2.0,0.22565,0.1504066,0.2240328,5.425871,8.993822,9.752392,17.0,12.0,6.0,train
Yb2MgSe4,0.0,1.0,1.042,0.72,1.98,3.0,2.0,-2.0,0.22119,0.121644,0.2240328,6.25416,7.646235,9.752392,16.0,2.0,6.0,train
Y2MgSe4,0.0,1.0,1.075,0.72,1.98,3.0,2.0,-2.0,0.1216986,0.121644,0.2240328,6.21726,7.646235,9.752392,3.0,2.0,6.0,train
Tm2MgSe4,0.0,1.0,1.052,0.72,1.98,3.0,2.0,-2.0,0.2167244,0.121644,0.2240328,6.18431,7.646235,9.752392,15.0,2.0,6.0,train
MnNaAsO4,0.0,1.0,1.1,0.46,1.4,1.5,5.0,-2.0,0.1142492,0.2068208,0.304575,6.28654735,9.789,13.618054,4.0,5.0,6.0,train
Li2NiF4,0.0,1.0,0.92,0.69,1.33,1.0,2.0,-1.0,0.105093,0.1472068,0.344443,5.391714761,7.639877,17.42282,1.0,10.0,7.0,train
Pr2EuSe4,0.0,1.0,1.179,1.17,1.98,3.0,2.0,-2.0,0.17208,0.189935,0.2240328,5.473,5.670385,9.752392,5.0,9.0,6.0,train
Mn2GeO4,0.0,1.0,0.96,0.53,1.4,2.0,4.0,-2.0,0.1352844,0.1895892,0.304575,7.434018,7.899435,13.618054,7.0,4.0,6.0,train
Dy2CaS4,0.0,1.0,1.083,1.0,1.84,3.0,2.0,-2.0,0.20333,0.1154119,0.23596,5.93905,6.1131552,10.36001,12.0,2.0,6.0,train
Na2ZnBr4,0.0,1.0,1.24,0.74,1.96,1.0,2.0,-1.0,0.093214,0.1551518,0.2412578,5.1390767,9.394199,11.81381,1.0,12.0,7.0,train
Li2ZnBr4,0.0,1.0,0.92,0.74,1.96,1.0,2.0,-1.0,0.105093,0.1551518,0.2412578,5.391714761,9.394199,11.81381,1.0,12.0,7.0,train
Tm2CdS4,0.0,1.0,1.052,0.95,1.84,3.0,2.0,-2.0,0.2167244,0.1504066,0.23596,6.18431,8.993822,10.36001,15.0,12.0,6.0,train
NaSrAsO4,0.0,1.0,1.275,0.46,1.4,1.5,5.0,-2.0,0.1058611,0.2068208,0.304575,5.41697195,9.789,13.618054,1.5,5.0,6.0,train
Li2MnBr2Cl2,0.0,1.0,0.92,0.83,1.885,1.0,2.0,-1.0,0.105093,0.1352844,0.2525304,5.391714761,7.434018,12.39072,1.0,7.0,7.0,train
LiScGeO4,0.0,1.0,0.895,0.53,1.4,2.0,4.0,-2.0,0.11223815,0.1895892,0.304575,5.976602381,7.899435,13.618054,2.0,4.0,6.0,train
LiInGeO4,0.0,1.0,0.92,0.53,1.4,2.0,4.0,-2.0,0.1346615,0.1895892,0.304575,5.589034981,7.899435,13.618054,2.0,4.0,6.0,train
GdNaGeO4,0.0,1.0,1.1735,0.53,1.4,2.0,4.0,-2.0,0.143807,0.1895892,0.304575,5.64443635,7.899435,13.618054,5.5,4.0,6.0,train
RbBaVO4,0.0,1.0,1.5499999999999998,0.54,1.4,1.5,5.0,-2.0,0.1316823,0.1273344,0.304575,4.694396,6.746187,13.618054,1.5,5.0,6.0,train
LiNaBeF4,0.0,1.0,1.08,0.45,1.33,1.0,2.0,-1.0,0.0991535,0.144986,0.344443,5.265395731,9.322699,17.42282,1.0,2.0,7.0,train
K2WS4,0.0,1.0,1.55,0.6,1.84,1.0,6.0,-2.0,0.0981896,0.2390504,0.23596,4.34066354,7.86403,10.36001,1.0,6.0,6.0,train
Cs2MoSe4,0.0,1.0,1.78,0.59,1.98,1.0,6.0,-2.0,0.1542125,0.1312672,0.2240328,3.893905548,7.09243,9.752392,1.0,6.0,6.0,train
Ba2VO4,0.0,1.0,1.47,0.58,1.4,2.0,4.0,-2.0,0.1586786,0.1273344,0.304575,5.211664,6.746187,13.618054,2.0,5.0,6.0,train
Mg2SiO4,0.0,1.0,0.89,0.4,1.4,2.0,4.0,-2.0,0.121644,0.178503,0.304575,7.646235,8.151683,13.618054,2.0,4.0,6.0,train
EuNaGeO4,0.0,1.0,1.1800000000000002,0.53,1.4,2.0,4.0,-2.0,0.1415745,0.1895892,0.304575,5.40473085,7.899435,13.618054,5.0,4.0,6.0,train
ErNaGeO4,0.0,1.0,1.151,0.53,1.4,2.0,4.0,-2.0,0.1527375,0.1895892,0.304575,5.62338835,7.899435,13.618054,7.5,4.0,6.0,train
CoMnGeS4,0.0,1.0,0.93,0.53,1.84,2.0,4.0,-2.0,0.13926035,0.1895892,0.23596,7.657514,7.899435,10.36001,8.0,4.0,6.0,train
CoMnGeO4,0.0,1.0,0.93,0.53,1.4,2.0,4.0,-2.0,0.13926035,0.1895892,0.304575,7.657514,7.899435,13.618054,8.0,4.0,6.0,train
CaMnSiO4,0.0,1.0,1.0699999999999998,0.4,1.4,2.0,4.0,-2.0,0.12534815,0.178503,0.304575,6.7735866,8.151683,13.618054,4.5,4.0,6.0,train
CaMgSiO4,0.0,1.0,1.035,0.4,1.4,2.0,4.0,-2.0,0.11852795,0.178503,0.304575,6.8796951,8.151683,13.618054,2.0,4.0,6.0,train
KCaVO4,0.0,1.0,1.365,0.54,1.4,1.5,5.0,-2.0,0.10680075,0.1273344,0.304575,5.22690937,6.746187,13.618054,1.5,5.0,6.0,train
CaYGaO4,0.0,1.0,1.1275,0.62,1.4,2.5,3.0,-2.0,0.11855525,0.1723773,0.304575,6.1652076,5.9993018,13.618054,2.5,3.0,6.0,train
CaLaGaO4,0.0,1.0,1.198,0.62,1.4,2.5,3.0,-2.0,0.13927695,0.1723773,0.304575,5.8450276,5.9993018,13.618054,2.5,3.0,6.0,train
KSrAsO4,0.0,1.0,1.4300000000000002,0.46,1.4,1.5,5.0,-2.0,0.1083489,0.2068208,0.304575,5.01776537,9.789,13.618054,1.5,5.0,6.0,train
CaNaAsO4,0.0,1.0,1.21,0.46,1.4,1.5,5.0,-2.0,0.10431295,0.2068208,0.304575,5.62611595,9.789,13.618054,1.5,5.0,6.0,train
Sc2MgSe4,0.0,1.0,0.87,0.72,1.98,3.0,2.0,-2.0,0.1193833,0.121644,0.2240328,6.56149,7.646235,9.752392,3.0,2.0,6.0,train
Cs2MnI4,0.0,1.0,1.78,0.83,2.2,1.0,2.0,-1.0,0.1542125,0.1352844,0.2195175999999999,3.893905548,7.434018,10.45126,1.0,7.0,7.0,train
Ni2RhS4,0.0,1.0,0.69,0.6,1.84,2.0,4.0,-2.0,0.1472068,0.1408379,0.23596,7.639877,7.4589,10.36001,10.0,9.0,6.0,train
Zn2PdO4,0.0,1.0,0.9,0.615,1.4,2.0,4.0,-2.0,0.1551518,0.1440276,0.304575,9.394199,8.33686,13.618054,12.0,10.0,6.0,train
Mn2TcO4,0.0,1.0,0.96,0.645,1.4,2.0,4.0,-2.0,0.1352844,0.1344592,0.304575,7.434018,7.119381,13.618054,7.0,7.0,6.0,train
Lu2ZnS4,0.0,1.0,1.032,0.74,1.84,3.0,2.0,-2.0,0.22565,0.1551518,0.23596,5.425871,9.394199,10.36001,17.0,12.0,6.0,train
Mg2PtO4,0.0,1.0,0.89,0.625,1.4,2.0,4.0,-2.0,0.121644,0.25691,0.304575,7.646235,8.95883,13.618054,2.0,10.0,6.0,train
Sc2MgO4,0.0,1.0,0.87,0.72,1.4,3.0,2.0,-2.0,0.1193833,0.121644,0.304575,6.56149,7.646235,13.618054,3.0,2.0,6.0,train
Mg2SnO4,0.0,1.0,0.89,0.69,1.4,2.0,4.0,-2.0,0.121644,0.178052,0.304575,7.646235,7.343917,13.618054,2.0,4.0,6.0,train
Mg2TiO4,0.0,1.0,0.89,0.605,1.4,2.0,4.0,-2.0,0.121644,0.1233637,0.304575,7.646235,6.82812,13.618054,2.0,4.0,6.0,train
Tm2MgS4,0.0,1.0,1.052,0.72,1.84,3.0,2.0,-2.0,0.2167244,0.121644,0.23596,6.18431,7.646235,10.36001,15.0,2.0,6.0,train
Mn2ScO4,0.0,1.0,0.96,0.745,1.4,2.5,3.0,-2.0,0.1352844,0.1193833,0.304575,7.434018,6.56149,13.618054,7.0,3.0,6.0,train
Yb2MgS4,0.0,1.0,1.042,0.72,1.84,3.0,2.0,-2.0,0.22119,0.121644,0.23596,6.25416,7.646235,10.36001,16.0,2.0,6.0,train
Cs2MoS4,0.0,1.0,1.78,0.59,1.84,1.0,6.0,-2.0,0.1542125,0.1312672,0.23596,3.893905548,7.09243,10.36001,1.0,6.0,6.0,train
Ni2FeS4,0.0,1.0,0.69,0.645,1.84,2.5,3.0,-2.0,0.1472068,0.1392532,0.23596,7.639877,7.9024678,10.36001,10.0,8.0,6.0,train
NaBaAsO4,0.0,1.0,1.355,0.46,1.4,1.5,5.0,-2.0,0.1259463,0.2068208,0.304575,5.17537035,9.789,13.618054,1.5,5.0,6.0,train
NaBaVO4,0.0,1.0,1.355,0.54,1.4,1.5,5.0,-2.0,0.1259463,0.1273344,0.304575,5.17537035,6.746187,13.618054,1.5,5.0,6.0,train
Yb2ZnS4,0.0,1.0,1.042,0.74,1.84,3.0,2.0,-2.0,0.22119,0.1551518,0.23596,6.25416,9.394199,10.36001,16.0,12.0,6.0,train
Sm2ZnS4,0.0,1.0,1.132,0.74,1.84,3.0,2.0,-2.0,0.185468,0.1551518,0.23596,5.64371,9.394199,10.36001,8.0,12.0,6.0,train
Sc2ZnS4,0.0,1.0,0.87,0.74,1.84,3.0,2.0,-2.0,0.1193833,0.1551518,0.23596,6.56149,9.394199,10.36001,3.0,12.0,6.0,train
Rb2WSe4,0.0,1.0,1.63,0.6,1.98,1.0,6.0,-2.0,0.104686,0.2390504,0.2240328,4.177128,7.86403,9.752392,1.0,6.0,6.0,train
Pr2YbS4,0.0,1.0,1.179,1.02,1.84,3.0,2.0,-2.0,0.17208,0.22119,0.23596,5.473,6.25416,10.36001,5.0,16.0,6.0,train
Zn2ZrO4,0.0,1.0,0.9,0.72,1.4,2.0,4.0,-2.0,0.1551518,0.1248887,0.304575,9.394199,6.6339,13.618054,12.0,4.0,6.0,train
Zn2TiO4,0.0,1.0,0.9,0.605,1.4,2.0,4.0,-2.0,0.1551518,0.1233637,0.304575,9.394199,6.82812,13.618054,12.0,4.0,6.0,train
LiMgAsO4,0.0,1.0,0.905,0.46,1.4,1.5,5.0,-2.0,0.1133685,0.2068208,0.304575,6.518974881,9.789,13.618054,1.5,5.0,6.0,train
Fe2GeS4,0.0,1.0,0.92,0.53,1.84,2.0,4.0,-2.0,0.1392532,0.1895892,0.23596,7.9024678,7.899435,10.36001,8.0,4.0,6.0,train
Y2YbS4,0.0,1.0,1.075,1.02,1.84,3.0,2.0,-2.0,0.1216986,0.22119,0.23596,6.21726,6.25416,10.36001,3.0,16.0,6.0,train
Yb2CaO4,0.0,1.0,1.042,1.0,1.4,3.0,2.0,-2.0,0.22119,0.1154119,0.304575,6.25416,6.1131552,13.618054,16.0,2.0,6.0,train
Rb2MnF4,1.0,1.0,1.63,0.83,1.33,1.0,2.0,-1.0,0.104686,0.1352844,0.344443,4.177128,7.434018,17.42282,1.0,7.0,7.0,test
Cs2CdCl4,1.0,1.0,1.78,0.95,1.81,1.0,2.0,-1.0,0.1542125,0.1504066,0.263803,3.893905548,8.993822,12.96763,1.0,12.0,7.0,test
CaDyAlO4,1.0,1.0,1.1315,0.535,1.4,2.5,3.0,-2.0,0.15937095,0.150078,0.304575,6.0261026,5.9857684,13.618054,7.0,3.0,6.0,test
EuGdAlO4,1.0,1.0,1.2035,0.535,1.4,2.5,3.0,-2.0,0.1921675,0.150078,0.304575,5.9100905,5.9857684,13.618054,9.5,3.0,6.0,test
EuLaAlO4,1.0,1.0,1.258,0.535,1.4,2.5,3.0,-2.0,0.1765385,0.150078,0.304575,5.6236425,5.9857684,13.618054,6.0,3.0,6.0,test
SrTbCrO4,1.0,1.0,1.2025,0.615,1.4,2.5,3.0,-2.0,0.1586856,0.1313053,0.304575,5.7793336,6.76651,13.618054,6.5,6.0,6.0,test
SrSmAlO4,1.0,1.0,1.221,0.535,1.4,2.5,3.0,-2.0,0.1519881,0.150078,0.304575,5.6692886,5.9857684,13.618054,5.0,3.0,6.0,test
CaNdCoO4,1.0,1.0,1.1715,0.61,1.4,2.5,3.0,-2.0,0.14597545,0.1432363,0.304575,5.8190776,7.88101,13.618054,4.0,9.0,6.0,test
Cs2UO4,1.0,1.0,1.78,0.73,1.4,1.0,6.0,-2.0,0.1542125,0.13207,0.304575,3.893905548,6.19405,13.618054,1.0,6.0,6.0,test
SrLaCoO4,1.0,1.0,1.263,0.61,1.4,2.5,3.0,-2.0,0.1408251,0.1432363,0.304575,5.6358836,7.88101,13.618054,2.5,9.0,6.0,test
GdLaCuO4,1.0,1.0,1.1615,0.73,1.4,3.0,2.0,-2.0,0.178771,0.1511716,0.304575,5.863348,7.72638,13.618054,6.5,11.0,6.0,test
DyEuCuO4,1.0,1.0,1.1015,0.73,1.4,3.0,2.0,-2.0,0.1966325,0.1511716,0.304575,5.8047175,7.72638,13.618054,10.5,11.0,6.0,test
SrPrScO4,1.0,1.0,1.2445,0.745,1.4,2.5,3.0,-2.0,0.1452941,0.1193833,0.304575,5.5839336,6.56149,13.618054,3.5,3.0,6.0,test
KRbMnF4,1.0,1.0,1.59,0.83,1.33,1.0,2.0,-1.0,0.1014378,0.1352844,0.344443,4.25889577,7.434018,17.42282,1.0,7.0,7.0,test
SrLaGaO4,1.0,1.0,1.263,0.62,1.4,2.5,3.0,-2.0,0.1408251,0.1723773,0.304575,5.6358836,5.9993018,13.618054,2.5,3.0,6.0,test
NaDyTiO4,1.0,1.0,1.1615,0.605,1.4,2.0,4.0,-2.0,0.148272,0.1233637,0.304575,5.53906335,6.82812,13.618054,6.5,4.0,6.0,test
SrNdCoO4,1.0,1.0,1.2365,0.61,1.4,2.5,3.0,-2.0,0.1475236,0.1432363,0.304575,5.6099336,7.88101,13.618054,4.0,9.0,6.0,test
BaLaScO4,1.0,1.0,1.343,0.745,1.4,2.5,3.0,-2.0,0.1609103,0.1193833,0.304575,5.394282,6.56149,13.618054,2.5,3.0,6.0,test
BaLaMnO4,1.0,1.0,1.343,0.645,1.4,2.5,3.0,-2.0,0.1609103,0.1352844,0.304575,5.394282,7.434018,13.618054,2.5,7.0,6.0,test
LaNdCuO4,1.0,1.0,1.1895,0.73,1.4,3.0,2.0,-2.0,0.1698405,0.1511716,0.304575,5.55095,7.72638,13.618054,4.5,11.0,6.0,test
SrGdVO4,1.0,1.0,1.2085,0.64,1.4,2.5,3.0,-2.0,0.1564541,0.1273344,0.304575,5.9223316,6.746187,13.618054,6.0,5.0,6.0,test
PrTbCuO4,1.0,1.0,1.137,0.73,1.4,3.0,2.0,-2.0,0.1854715,0.1511716,0.304575,5.6684,7.72638,13.618054,8.0,11.0,6.0,test
Cs2CuF4,1.0,1.0,1.78,0.73,1.33,1.0,2.0,-1.0,0.1542125,0.1511716,0.344443,3.893905548,7.72638,17.42282,1.0,11.0,7.0,test
Cs2CaBr4,1.0,1.0,1.78,1.0,1.96,1.0,2.0,-1.0,0.1542125,0.1154119,0.2412578,3.893905548,6.1131552,11.81381,1.0,2.0,7.0,test
Cs2CaCl4,1.0,1.0,1.78,1.0,1.81,1.0,2.0,-1.0,0.1542125,0.1154119,0.263803,3.893905548,6.1131552,12.96763,1.0,2.0,7.0,test
Cs2NpO4,1.0,1.0,1.78,0.72,1.4,1.0,6.0,-2.0,0.1542125,0.14265,0.304575,3.893905548,6.2655,13.618054,1.0,7.0,6.0,test
NaYTiO4,1.0,1.0,1.1575,0.605,1.4,2.0,4.0,-2.0,0.1074563,0.1233637,0.304575,5.67816835,6.82812,13.618054,2.0,4.0,6.0,test
EuSmAlO4,1.0,1.0,1.2160000000000002,0.535,1.4,2.5,3.0,-2.0,0.1877015,0.150078,0.304575,5.6570475,5.9857684,13.618054,8.5,3.0,6.0,test
SrGdCrO4,1.0,1.0,1.2085,0.615,1.4,2.5,3.0,-2.0,0.1564541,0.1313053,0.304575,5.9223316,6.76651,13.618054,6.0,6.0,6.0,test
SrNdCrO4,1.0,1.0,1.2365,0.615,1.4,2.5,3.0,-2.0,0.1475236,0.1313053,0.304575,5.6099336,6.76651,13.618054,4.0,6.0,6.0,test
SrGdNiO4,1.0,1.0,1.2085,0.6,1.4,2.5,3.0,-2.0,0.1564541,0.1472068,0.304575,5.9223316,7.639877,13.618054,6.0,10.0,6.0,test
Rb2CuF4,1.0,1.0,1.63,0.73,1.33,1.0,2.0,-1.0,0.104686,0.1511716,0.344443,4.177128,7.72638,17.42282,1.0,11.0,7.0,test
K2CoF4,1.0,1.0,1.55,0.745,1.33,1.0,2.0,-1.0,0.0981896,0.1432363,0.344443,4.34066354,7.88101,17.42282,1.0,9.0,7.0,test
NaPrTiO4,1.0,1.0,1.2095,0.605,1.4,2.0,4.0,-2.0,0.132647,0.1233637,0.304575,5.30603835,6.82812,13.618054,3.0,4.0,6.0,test
Cs2CrO4,0.0,1.0,1.78,0.44,1.4,1.0,6.0,-2.0,0.1542125,0.1313053,0.304575,3.893905548,6.76651,13.618054,1.0,6.0,6.0,test
Li2BeCl4,0.0,1.0,0.92,0.45,1.81,1.0,2.0,-1.0,0.105093,0.144986,0.263803,5.391714761,9.322699,12.96763,1.0,2.0,7.0,test
Ba2CrO4,0.0,1.0,1.47,0.55,1.4,2.0,4.0,-2.0,0.1586786,0.1313053,0.304575,5.211664,6.76651,13.618054,2.0,6.0,6.0,test
Ba2TiO4,0.0,1.0,1.47,0.605,1.4,2.0,4.0,-2.0,0.1586786,0.1233637,0.304575,5.211664,6.82812,13.618054,2.0,4.0,6.0,test
Cs2CuBr4,0.0,1.0,1.78,0.73,1.96,1.0,2.0,-1.0,0.1542125,0.1511716,0.2412578,3.893905548,7.72638,11.81381,1.0,11.0,7.0,test
Sr2SiO4,0.0,1.0,1.31,0.4,1.4,2.0,4.0,-2.0,0.1185082,0.178503,0.304575,5.6948672,8.151683,13.618054,2.0,4.0,6.0,test
Ni2GeO4,0.0,1.0,0.69,0.53,1.4,2.0,4.0,-2.0,0.1472068,0.1895892,0.304575,7.639877,7.899435,13.618054,10.0,4.0,6.0,test
In2ZnS4,0.0,1.0,0.92,0.74,1.84,3.0,2.0,-2.0,0.16423,0.1551518,0.23596,5.7863552,9.394199,10.36001,3.0,12.0,6.0,test
In2MgO4,0.0,1.0,0.92,0.72,1.4,3.0,2.0,-2.0,0.16423,0.121644,0.304575,5.7863552,7.646235,13.618054,3.0,2.0,6.0,test
Sm2ZnO4,0.0,1.0,1.132,0.74,1.4,3.0,2.0,-2.0,0.185468,0.1551518,0.304575,5.64371,9.394199,13.618054,8.0,12.0,6.0,test
Na2MoO4,0.0,1.0,1.24,0.59,1.4,1.0,6.0,-2.0,0.093214,0.1312672,0.304575,5.1390767,7.09243,13.618054,1.0,6.0,6.0,test
LiScSiO4,0.0,1.0,0.895,0.4,1.4,2.0,4.0,-2.0,0.11223815,0.178503,0.304575,5.976602381,8.151683,13.618054,2.0,4.0,6.0,test
LiYGeO4,0.0,1.0,0.9975,0.53,1.4,2.0,4.0,-2.0,0.1133958,0.1895892,0.304575,5.80448738,7.899435,13.618054,2.0,4.0,6.0,test
Ce2CdSe4,0.0,1.0,1.196,0.95,1.98,3.0,2.0,-2.0,0.16761,0.1504066,0.2240328,5.5386,8.993822,9.752392,4.0,12.0,6.0,test
SmPrCuO4,0.0,1.0,1.1555,0.73,1.4,3.0,2.0,-2.0,0.178774,0.1511716,0.304575,5.558355,7.72638,13.618054,6.5,11.0,6.0,test
Ca2SiS4,0.0,1.0,1.18,0.4,1.84,2.0,4.0,-2.0,0.1154119,0.178503,0.23596,6.1131552,8.151683,10.36001,2.0,4.0,6.0,test
Cs2CoBr4,0.0,1.0,1.78,0.745,1.96,1.0,2.0,-1.0,0.1542125,0.1432363,0.2412578,3.893905548,7.88101,11.81381,1.0,9.0,7.0,test
Cs2CdBr4,0.0,1.0,1.78,0.95,1.96,1.0,2.0,-1.0,0.1542125,0.1504066,0.2412578,3.893905548,8.993822,11.81381,1.0,12.0,7.0,test
Tl2BeF4,0.0,1.0,1.59,0.45,1.33,1.0,2.0,-1.0,0.173447,0.144986,0.344443,6.108287,9.322699,17.42282,3.0,2.0,7.0,test
Sm2PdO4,0.0,1.0,1.132,0.86,1.4,3.0,2.0,-2.0,0.185468,0.1440276,0.304575,5.64371,8.33686,13.618054,8.0,10.0,6.0,test
Mn2CoO4,0.0,1.0,0.96,0.53,1.4,2.0,4.0,-2.0,0.1352844,0.1432363,0.304575,7.434018,7.88101,13.618054,7.0,9.0,6.0,test
In2CrS4,0.0,1.0,0.92,0.8,1.84,3.0,2.0,-2.0,0.16423,0.1313053,0.23596,5.7863552,6.76651,10.36001,3.0,6.0,6.0,test
K2CrO4,0.0,1.0,1.55,0.44,1.4,1.0,6.0,-2.0,0.0981896,0.1313053,0.304575,4.34066354,6.76651,13.618054,1.0,6.0,6.0,test
Er2CdSe4,0.0,1.0,1.062,0.95,1.98,3.0,2.0,-2.0,0.212261,0.1504066,0.2240328,6.1077,8.993822,9.752392,14.0,12.0,6.0,test
Dy2CdS4,0.0,1.0,1.083,0.95,1.84,3.0,2.0,-2.0,0.20333,0.1504066,0.23596,5.93905,8.993822,10.36001,12.0,12.0,6.0,test
Cs2CdI4,0.0,1.0,1.78,0.95,2.2,1.0,2.0,-1.0,0.1542125,0.1504066,0.2195175999999999,3.893905548,8.993822,10.45126,1.0,12.0,7.0,test
Ce2CdS4,0.0,1.0,1.196,0.95,1.84,3.0,2.0,-2.0,0.16761,0.1504066,0.23596,5.5386,8.993822,10.36001,4.0,12.0,6.0,test
Ca2SnS4,0.0,1.0,1.18,0.69,1.84,2.0,4.0,-2.0,0.1154119,0.178052,0.23596,6.1131552,7.343917,10.36001,2.0,4.0,6.0,test
Yb2CdSe4,0.0,1.0,1.042,0.95,1.98,3.0,2.0,-2.0,0.22119,0.1504066,0.2240328,6.25416,8.993822,9.752392,16.0,12.0,6.0,test
La2CdTe4,0.0,1.0,1.216,0.95,2.21,3.0,2.0,-2.0,0.163142,0.1504066,0.2056992,5.5769,8.993822,9.00966,3.0,12.0,6.0,test
Sc2MnS4,0.0,1.0,0.87,0.83,1.84,3.0,2.0,-2.0,0.1193833,0.1352844,0.23596,6.56149,7.434018,10.36001,3.0,7.0,6.0,test
Mn2NiO4,0.0,1.0,0.96,0.48,1.4,2.0,4.0,-2.0,0.1352844,0.1472068,0.304575,7.434018,7.639877,13.618054,7.0,10.0,6.0,test
Yb2FeS4,0.0,1.0,1.14,0.645,1.84,2.5,3.0,-2.0,0.22119,0.1392532,0.23596,6.25416,7.9024678,10.36001,16.0,8.0,6.0,test
Gd2MnS4,0.0,1.0,1.107,0.83,1.84,3.0,2.0,-2.0,0.1944,0.1352844,0.23596,6.149796,7.434018,10.36001,10.0,7.0,6.0,test
Lu2MgS4,0.0,1.0,1.032,0.72,1.84,3.0,2.0,-2.0,0.22565,0.121644,0.23596,5.425871,7.646235,10.36001,17.0,2.0,6.0,test
K2CuCl4,0.0,1.0,1.55,0.73,1.81,1.0,2.0,-1.0,0.0981896,0.1511716,0.263803,4.34066354,7.72638,12.96763,1.0,11.0,7.0,test
Ho2CdSe4,0.0,1.0,1.072,0.95,1.98,3.0,2.0,-2.0,0.207795,0.1504066,0.2240328,6.0215,8.993822,9.752392,13.0,12.0,6.0,test
Cs2ZnCl4,0.0,1.0,1.78,0.74,1.81,1.0,2.0,-1.0,0.1542125,0.1551518,0.263803,3.893905548,9.394199,12.96763,1.0,12.0,7.0,test
Cs2MgCl4,0.0,1.0,1.78,0.72,1.81,1.0,2.0,-1.0,0.1542125,0.121644,0.263803,3.893905548,7.646235,12.96763,1.0,2.0,7.0,test
Cs2CuCl4,0.0,1.0,1.78,0.73,1.81,1.0,2.0,-1.0,0.1542125,0.1511716,0.263803,3.893905548,7.72638,12.96763,1.0,11.0,7.0,test
K2CoCl4,0.0,1.0,1.55,0.745,1.81,1.0,2.0,-1.0,0.0981896,0.1432363,0.263803,4.34066354,7.88101,12.96763,1.0,9.0,7.0,test
Ce2SrSe4,0.0,1.0,1.196,1.18,1.98,3.0,2.0,-2.0,0.16761,0.1185082,0.2240328,5.5386,5.6948672,9.752392,4.0,2.0,6.0,test
Ce2PbSe4,0.0,1.0,1.196,1.19,1.98,3.0,2.0,-2.0,0.16761,0.177911,0.2240328,5.5386,7.4166796,9.752392,4.0,4.0,6.0,test
Nd2CeS4,0.0,1.0,1.35,1.01,1.84,2.5,3.0,-2.0,0.176539,0.16761,0.23596,5.525,5.5386,10.36001,6.0,4.0,6.0,test
CaYbInSe4,0.0,1.0,1.111,0.8,1.98,2.5,3.0,-2.0,0.16830095,0.16423,0.2240328,6.1836576,5.7863552,9.752392,9.0,3.0,6.0,test
MnScGaS4,0.0,1.0,0.915,0.62,1.84,2.5,3.0,-2.0,0.12733385,0.1723773,0.23596,6.997754,5.9993018,10.36001,5.0,3.0,6.0,test
LiMnAsO4,0.0,1.0,0.94,0.46,1.4,1.5,5.0,-2.0,0.1201887,0.2068208,0.304575,6.412866381,9.789,13.618054,4.0,5.0,6.0,test
HoNaGeO4,0.0,1.0,1.156,0.53,1.4,2.0,4.0,-2.0,0.1505045,0.1895892,0.304575,5.58028835,7.899435,13.618054,7.0,4.0,6.0,test
Fe2GeO4,0.0,1.0,0.92,0.53,1.4,2.0,4.0,-2.0,0.1392532,0.1895892,0.304575,7.9024678,7.899435,13.618054,8.0,4.0,6.0,test
CdNaAsO4,0.0,1.0,1.17,0.46,1.4,1.5,5.0,-2.0,0.1218103,0.2068208,0.304575,7.06644935,9.789,13.618054,6.5,5.0,6.0,test
FeMnGeO4,0.0,1.0,0.94,0.53,1.4,2.0,4.0,-2.0,0.1372688,0.1895892,0.304575,7.6682429,7.899435,13.618054,7.5,4.0,6.0,test
CaYbInS4,0.0,1.0,1.111,0.8,1.84,2.5,3.0,-2.0,0.16830095,0.16423,0.23596,6.1836576,5.7863552,10.36001,9.0,3.0,6.0,test
Mn2TiO4,0.0,1.0,0.96,0.605,1.4,2.0,4.0,-2.0,0.1352844,0.1233637,0.304575,7.434018,6.82812,13.618054,7.0,4.0,6.0,test
Mn2SiO4,0.0,1.0,0.96,0.4,1.4,2.0,4.0,-2.0,0.1352844,0.178503,0.304575,7.434018,8.151683,13.618054,7.0,4.0,6.0,test
Sc2MgS4,0.0,1.0,0.87,0.72,1.84,3.0,2.0,-2.0,0.1193833,0.121644,0.23596,6.56149,7.646235,10.36001,3.0,2.0,6.0,test
Lu2MnSe4,0.0,1.0,1.032,0.83,1.98,3.0,2.0,-2.0,0.22565,0.1352844,0.2240328,5.425871,7.434018,9.752392,17.0,7.0,6.0,test
Mg2TcO4,0.0,1.0,0.89,0.645,1.4,2.0,4.0,-2.0,0.121644,0.1344592,0.304575,7.646235,7.119381,13.618054,2.0,7.0,6.0,test
KCaAsO4,0.0,1.0,1.365,0.46,1.4,1.5,5.0,-2.0,0.10680075,0.2068208,0.304575,5.22690937,9.789,13.618054,1.5,5.0,6.0,test
Tm2ZnS4,0.0,1.0,1.052,0.74,1.84,3.0,2.0,-2.0,0.2167244,0.1551518,0.23596,6.18431,9.394199,10.36001,15.0,12.0,6.0,test
Tb2YbS4,0.0,1.0,1.095,1.02,1.84,3.0,2.0,-2.0,0.198863,0.22119,0.23596,5.8638,6.25416,10.36001,11.0,16.0,6.0,test
Rb2WS4,0.0,1.0,1.63,0.6,1.84,1.0,6.0,-2.0,0.104686,0.2390504,0.23596,4.177128,7.86403,10.36001,1.0,6.0,6.0,test
